"日期","收盘","开盘","高","低","交易量","涨跌幅"
"2022-12-23","1,020.34","1,022.61","1,027.34","1,013.20","544.11K","-0.22%"
"2022-12-22","1,022.61","1,018.88","1,033.18","1,016.54","714.22K","0.37%"
"2022-12-21","1,018.88","1,033.34","1,033.84","1,005.43","857.33K","-0.42%"
"2022-12-20","1,023.13","1,038.40","1,038.74","1,010.08","1.08M","-1.47%"
"2022-12-19","1,038.40","1,052.48","1,065.59","1,038.40","988.84K","-1.34%"
"2022-12-16","1,052.48","1,055.32","1,064.79","1,047.16","881.53K","-0.27%"
"2022-12-15","1,055.32","1,049.16","1,062.61","1,049.06","731.12K","0.47%"
"2022-12-14","1,050.43","1,047.45","1,062.18","1,046.43","792.04K","0.28%"
"2022-12-13","1,047.45","1,032.07","1,047.45","1,026.30","798.74K","1.49%"
"2022-12-12","1,032.07","1,051.81","1,065.16","1,032.07","909.57K","-1.88%"
"2022-12-9","1,051.81","1,050.53","1,061.21","1,041.39","788.20K","0.12%"
"2022-12-8","1,050.53","1,041.02","1,078.09","1,041.02","916.99K","0.91%"
"2022-12-7","1,041.02","1,048.69","1,059.79","1,034.92","920.94K","-0.73%"
"2022-12-6","1,048.69","1,093.67","1,093.67","1,048.69","1.48M","-4.11%"
"2022-12-5","1,093.67","1,080.01","1,099.45","1,080.01","1.26M","1.26%"
"2022-12-2","1,080.01","1,036.28","1,080.01","1,030.81","1.09M","4.22%"
"2022-12-1","1,036.28","1,048.42","1,066.28","1,035.62","1.34M","-1.16%"
"2022-11-30","1,048.42","1,032.16","1,048.42","1,021.54","1.14M","1.58%"
"2022-11-29","1,032.16","1,005.69","1,032.16","998.56","1.18M","2.63%"
"2022-11-28","1,005.69","971.46","1,006.22","971.46","973.79K","3.52%"
"2022-11-25","971.46","947.71","971.46","947.71","622.50K","2.51%"
"2022-11-24","947.71","946.00","950.03","934.31","543.14K","0.18%"
"2022-11-23","946.00","952.12","958.61","942.02","542.12K","-0.64%"
"2022-11-22","952.12","960.65","985.28","948.52","1.05M","-0.89%"
"2022-11-21","960.65","969.33","973.19","956.77","597.72K","-0.90%"
"2022-11-18","969.33","969.26","971.77","939.73","960.58K","0.01%"
"2022-11-17","969.26","942.90","972.88","942.90","724.46K","2.80%"
"2022-11-16","942.90","911.90","945.42","873.78","1.05M","3.40%"
"2022-11-15","911.90","941.04","941.04","900.17","692.34K","-3.10%"
"2022-11-14","941.04","954.53","954.53","923.53","666.06K","-1.41%"
"2022-11-11","954.53","947.24","966.70","947.24","736.49K","0.77%"
"2022-11-10","947.24","975.97","976.31","935.78","698.76K","-3.89%"
"2022-11-9","985.59","981.65","994.79","977.93","583.06K","0.40%"
"2022-11-8","981.65","975.19","981.86","956.97","660.72K","0.66%"
"2022-11-7","975.19","997.15","997.15","969.61","646.85K","-2.20%"
"2022-11-4","997.15","1,008.23","1,009.96","974.61","753.11K","-2.22%"
"2022-11-3","1,019.81","1,023.19","1,023.95","1,010.65","442.89K","-0.33%"
"2022-11-2","1,023.19","1,033.75","1,034.73","1,018.64","578.23K","-1.02%"
"2022-11-1","1,033.75","1,027.94","1,043.53","1,027.39","613.98K","0.57%"
"2022-10-31","1,027.94","1,028.24","1,030.32","1,005.00","662.04K","0.06%"
"2022-10-28","1,027.36","1,028.01","1,044.57","1,026.53","654.70K","-0.06%"
"2022-10-27","1,028.01","993.36","1,028.01","990.48","647.72K","3.49%"
"2022-10-26","993.36","997.70","1,004.55","984.71","448.28K","-0.44%"
"2022-10-25","997.70","986.15","1,011.39","962.45","751.18K","1.17%"
"2022-10-24","986.15","1,019.82","1,023.51","977.41","654.95K","-3.30%"
"2022-10-21","1,019.82","1,058.45","1,059.09","1,013.69","742.10K","-3.65%"
"2022-10-20","1,058.45","1,056.14","1,065.28","1,048.21","398.33K","-0.15%"
"2022-10-19","1,060.07","1,063.66","1,065.99","1,052.29","400.66K","-0.34%"
"2022-10-18","1,063.66","1,051.58","1,071.74","1,051.58","514.84K","1.15%"
"2022-10-17","1,051.58","1,061.85","1,061.85","1,033.59","497.42K","-0.97%"
"2022-10-14","1,061.85","1,050.99","1,068.12","1,050.99","641.48K","1.03%"
"2022-10-13","1,050.99","1,034.81","1,050.99","1,025.04","477.33K","1.56%"
"2022-10-12","1,034.81","1,006.20","1,039.44","1,002.89","616.14K","2.84%"
"2022-10-11","1,006.20","1,042.48","1,042.48","998.64","672.10K","-3.48%"
"2022-10-10","1,042.48","1,035.91","1,051.02","1,012.94","692.98K","0.63%"
"2022-10-7","1,035.91","1,074.52","1,074.52","1,022.38","877.31K","-3.59%"
"2022-10-6","1,074.52","1,104.26","1,106.97","1,072.57","545.82K","-2.69%"
"2022-10-5","1,104.26","1,078.14","1,110.21","1,078.14","451.94K","2.42%"
"2022-10-4","1,078.14","1,086.44","1,100.42","1,069.74","582.82K","-0.76%"
"2022-10-3","1,086.44","1,132.11","1,132.11","1,079.86","554.15K","-4.03%"
"2022-9-30","1,132.11","1,126.07","1,135.47","1,099.44","729.67K","0.54%"
"2022-9-29","1,126.07","1,143.62","1,159.49","1,126.07","491.47K","-1.53%"
"2022-9-28","1,143.62","1,166.54","1,166.54","1,142.79","527.70K","-1.96%"
"2022-9-27","1,166.54","1,174.35","1,180.75","1,166.44","466.62K","-0.67%"
"2022-9-26","1,174.35","1,203.28","1,203.28","1,159.12","757.09K","-2.40%"
"2022-9-23","1,203.28","1,214.70","1,216.59","1,201.45","485.38K","-0.94%"
"2022-9-22","1,214.70","1,210.55","1,214.70","1,196.64","473.56K","0.34%"
"2022-9-21","1,210.55","1,218.93","1,218.93","1,204.68","391.71K","-0.69%"
"2022-9-20","1,218.93","1,212.08","1,218.93","1,199.71","473.89K","1.12%"
"2022-9-19","1,205.43","1,234.03","1,234.03","1,202.07","701.96K","-2.32%"
"2022-9-16","1,234.03","1,245.66","1,246.17","1,230.37","632.37K","-0.93%"
"2022-9-15","1,245.66","1,240.77","1,250.93","1,240.77","429.84K","0.39%"
"2022-9-14","1,240.77","1,248.40","1,248.40","1,228.51","607.86K","-0.61%"
"2022-9-13","1,248.40","1,249.62","1,252.35","1,243.87","473.97K","-0.10%"
"2022-9-12","1,249.62","1,248.78","1,257.80","1,248.78","410.19K","0.07%"
"2022-9-9","1,248.78","1,234.60","1,248.78","1,228.54","586.03K","1.15%"
"2022-9-8","1,234.60","1,243.17","1,251.36","1,234.60","599.61K","-0.69%"
"2022-9-7","1,243.17","1,277.40","1,277.40","1,243.17","852.27K","-2.68%"
"2022-9-6","1,277.40","1,279.58","1,286.92","1,277.40","581.46K","0.00%"
"2022-9-5","1,277.35","1,280.51","1,285.70","1,275.35","524.68K","-0.25%"
"2022-8-31","1,280.51","1,279.39","1,285.29","1,274.99","499.31K","0.09%"
"2022-8-30","1,279.39","1,270.80","1,287.65","1,270.80","526.10K","0.68%"
"2022-8-29","1,270.80","1,282.57","1,282.57","1,249.17","845.90K","-0.92%"
"2022-8-26","1,282.57","1,291.29","1,295.12","1,280.05","668.96K","-0.49%"
"2022-8-25","1,288.88","1,277.16","1,289.18","1,277.16","623.97K","0.92%"
"2022-8-24","1,277.16","1,270.81","1,280.36","1,270.81","601.89K","0.50%"
"2022-8-23","1,270.81","1,260.43","1,270.81","1,253.45","564.72K","0.82%"
"2022-8-22","1,260.43","1,269.18","1,270.57","1,255.83","619.45K","-0.69%"
"2022-8-19","1,269.18","1,273.66","1,280.00","1,263.45","607.62K","-0.35%"
"2022-8-18","1,273.66","1,275.28","1,283.15","1,268.64","599.08K","-0.13%"
"2022-8-17","1,275.28","1,274.69","1,280.61","1,271.97","712.25K","0.05%"
"2022-8-16","1,274.69","1,274.20","1,275.93","1,271.11","617.72K","0.04%"
"2022-8-15","1,274.20","1,262.33","1,274.24","1,262.33","634.20K","0.94%"
"2022-8-12","1,262.33","1,252.07","1,262.33","1,248.65","542.04K","0.82%"
"2022-8-11","1,252.07","1,256.50","1,268.03","1,245.85","810.55K","-0.35%"
"2022-8-10","1,256.50","1,258.85","1,260.36","1,253.89","651.76K","-0.19%"
"2022-8-9","1,258.85","1,256.75","1,263.14","1,252.84","721.64K","0.17%"
"2022-8-8","1,256.75","1,252.36","1,258.84","1,252.04","699.34K","0.32%"
"2022-8-5","1,252.74","1,250.25","1,253.75","1,245.05","698.64K","-0.11%"
"2022-8-4","1,254.15","1,249.76","1,257.38","1,247.38","724.75K","0.35%"
"2022-8-3","1,249.76","1,241.62","1,250.20","1,232.41","789.52K","0.66%"
"2022-8-2","1,241.62","1,231.35","1,241.91","1,224.11","817.69K","0.83%"
"2022-8-1","1,231.35","1,206.33","1,231.35","1,206.33","708.71K","2.07%"
"2022-7-29","1,206.33","1,208.12","1,217.84","1,206.33","590.32K","-0.15%"
"2022-7-28","1,208.12","1,191.04","1,214.03","1,191.04","668.86K","1.43%"
"2022-7-27","1,191.04","1,185.07","1,191.04","1,178.58","445.14K","0.50%"
"2022-7-26","1,185.07","1,188.50","1,194.15","1,184.44","434.80K","-0.29%"
"2022-7-25","1,188.50","1,191.43","1,198.16","1,184.32","437.85K","-0.52%"
"2022-7-22","1,194.76","1,198.47","1,202.69","1,194.76","477.95K","-0.31%"
"2022-7-21","1,198.47","1,194.14","1,201.91","1,194.14","530.31K","0.36%"
"2022-7-20","1,194.14","1,178.33","1,198.63","1,178.33","648.00K","1.34%"
"2022-7-19","1,178.33","1,176.49","1,180.46","1,168.99","532.69K","0.16%"
"2022-7-18","1,176.49","1,179.25","1,184.93","1,174.70","523.73K","-0.23%"
"2022-7-15","1,179.25","1,182.17","1,189.66","1,178.12","604.01K","-0.25%"
"2022-7-14","1,182.17","1,173.92","1,182.17","1,170.04","534.74K","0.70%"
"2022-7-13","1,173.92","1,173.46","1,182.21","1,170.92","564.00K","-0.08%"
"2022-7-12","1,174.82","1,155.29","1,174.82","1,153.55","525.11K","1.69%"
"2022-7-11","1,155.29","1,171.31","1,171.31","1,144.55","538.71K","-1.37%"
"2022-7-8","1,171.31","1,166.48","1,177.18","1,164.23","476.37K","0.41%"
"2022-7-7","1,166.48","1,149.61","1,166.48","1,142.80","411.79K","1.47%"
"2022-7-6","1,149.61","1,181.29","1,181.29","1,147.63","556.46K","-2.68%"
"2022-7-5","1,181.29","1,195.53","1,200.99","1,181.29","612.00K","-1.19%"
"2022-7-4","1,195.53","1,206.47","1,208.96","1,192.63","442.82K","-0.28%"
"2022-7-1","1,198.90","1,197.60","1,202.41","1,170.95","534.07K","0.11%"
"2022-6-30","1,197.60","1,218.09","1,220.51","1,197.60","510.22K","-1.68%"
"2022-6-29","1,218.09","1,218.10","1,219.58","1,207.38","560.59K","0.00%"
"2022-6-28","1,218.10","1,202.82","1,221.74","1,198.99","588.39K","1.27%"
"2022-6-27","1,202.82","1,185.48","1,203.51","1,185.48","526.96K","1.46%"
"2022-6-24","1,185.48","1,188.88","1,196.85","1,185.48","478.69K","-0.29%"
"2022-6-23","1,188.88","1,169.27","1,188.88","1,162.06","440.78K","1.68%"
"2022-6-22","1,169.27","1,172.47","1,185.86","1,162.98","592.48K","-0.27%"
"2022-6-21","1,172.47","1,180.40","1,189.97","1,162.94","694.93K","-0.67%"
"2022-6-20","1,180.40","1,218.37","1,221.60","1,180.40","669.55K","-3.03%"
"2022-6-17","1,217.30","1,236.63","1,236.63","1,191.92","738.58K","-1.56%"
"2022-6-16","1,236.63","1,213.93","1,246.32","1,213.93","561.69K","1.87%"
"2022-6-15","1,213.93","1,230.31","1,235.56","1,195.19","688.12K","-1.33%"
"2022-6-14","1,230.31","1,227.04","1,239.36","1,211.13","560.89K","0.27%"
"2022-6-13","1,227.04","1,284.08","1,284.08","1,226.01","733.45K","-4.44%"
"2022-6-10","1,284.08","1,307.80","1,309.59","1,284.08","603.29K","-1.81%"
"2022-6-9","1,307.80","1,307.91","1,312.44","1,300.85","465.66K","-0.01%"
"2022-6-8","1,307.91","1,291.35","1,316.78","1,291.35","584.57K","1.28%"
"2022-6-7","1,291.35","1,290.01","1,291.35","1,260.92","670.87K","0.10%"
"2022-6-6","1,290.01","1,287.98","1,302.14","1,281.95","589.89K","0.16%"
"2022-6-3","1,287.98","1,288.62","1,292.78","1,276.37","473.81K","-0.05%"
"2022-6-2","1,288.62","1,299.52","1,302.66","1,283.32","572.55K","-0.84%"
"2022-6-1","1,299.52","1,292.68","1,302.25","1,286.01","573.63K","0.53%"
"2022-5-31","1,292.68","1,293.92","1,297.64","1,280.44","591.09K","-0.10%"
"2022-5-30","1,293.92","1,285.45","1,296.22","1,281.27","587.23K","0.66%"
"2022-5-27","1,285.45","1,268.57","1,286.99","1,268.57","607.22K","1.33%"
"2022-5-26","1,268.57","1,268.43","1,278.11","1,261.55","541.91K","0.01%"
"2022-5-25","1,268.43","1,233.38","1,268.43","1,233.38","655.24K","2.84%"
"2022-5-24","1,233.38","1,218.81","1,233.38","1,203.28","528.48K","1.20%"
"2022-5-23","1,218.81","1,240.71","1,246.58","1,207.99","557.43K","-1.77%"
"2022-5-20","1,240.71","1,241.64","1,252.96","1,232.33","504.69K","-0.07%"
"2022-5-19","1,241.64","1,240.76","1,246.66","1,210.43","496.73K","0.07%"
"2022-5-18","1,240.76","1,228.37","1,249.84","1,222.92","566.36K","1.01%"
"2022-5-17","1,228.37","1,171.95","1,228.37","1,156.54","583.96K","4.81%"
"2022-5-16","1,171.95","1,182.77","1,215.96","1,170.59","584.39K","-0.91%"
"2022-5-13","1,182.77","1,238.84","1,238.84","1,180.60","816.99K","-4.53%"
"2022-5-12","1,238.84","1,301.53","1,301.53","1,238.05","557.89K","-4.82%"
"2022-5-11","1,301.53","1,293.56","1,305.17","1,277.91","418.23K","0.62%"
"2022-5-10","1,293.56","1,269.62","1,293.56","1,232.57","665.48K","1.89%"
"2022-5-9","1,269.62","1,329.26","1,329.26","1,265.54","673.76K","-4.49%"
"2022-5-6","1,329.26","1,360.68","1,360.68","1,328.13","564.07K","-2.31%"
"2022-5-5","1,360.68","1,348.68","1,362.18","1,331.41","531.08K","0.89%"
"2022-5-4","1,348.68","1,366.11","1,366.39","1,348.68","528.29K","-1.33%"
"2022-4-29","1,366.80","1,350.99","1,369.31","1,343.24","598.40K","1.17%"
"2022-4-28","1,350.99","1,353.77","1,358.07","1,344.10","485.12K","-0.21%"
"2022-4-27","1,353.77","1,341.34","1,355.92","1,314.81","519.56K","0.93%"
"2022-4-26","1,341.34","1,310.92","1,341.34","1,261.40","727.65K","2.32%"
"2022-4-25","1,310.92","1,379.23","1,382.13","1,298.38","762.88K","-4.95%"
"2022-4-22","1,379.23","1,370.21","1,392.89","1,352.43","834.41K","0.66%"
"2022-4-21","1,370.21","1,384.72","1,392.33","1,356.58","810.67K","-1.05%"
"2022-4-20","1,384.72","1,401.63","1,410.64","1,384.72","688.33K","-1.55%"
"2022-4-19","1,406.45","1,432.60","1,442.04","1,406.45","702.35K","-1.83%"
"2022-4-18","1,432.60","1,458.56","1,458.56","1,425.07","827.69K","-1.78%"
"2022-4-15","1,458.56","1,472.12","1,478.95","1,456.39","659.47K","-0.92%"
"2022-4-14","1,472.12","1,477.20","1,484.34","1,471.75","523.37K","-0.34%"
"2022-4-13","1,477.20","1,455.25","1,477.20","1,448.52","674.79K","1.51%"
"2022-4-12","1,455.25","1,482.00","1,490.58","1,455.25","680.06K","-1.80%"
"2022-4-8","1,482.00","1,502.35","1,507.73","1,482.00","763.56K","-1.35%"
"2022-4-7","1,502.35","1,522.90","1,524.92","1,502.35","795.13K","-1.35%"
"2022-4-6","1,522.90","1,520.03","1,523.75","1,507.62","944.04K","0.19%"
"2022-4-5","1,520.03","1,524.70","1,527.57","1,519.28","703.53K","-0.31%"
"2022-4-4","1,524.70","1,516.44","1,530.95","1,516.44","779.58K","0.54%"
"2022-4-1","1,516.44","1,492.15","1,516.87","1,484.13","967.67K","1.63%"
"2022-3-31","1,492.15","1,490.51","1,498.41","1,488.27","684.54K","0.11%"
"2022-3-30","1,490.51","1,497.76","1,503.89","1,483.90","901.49K","-0.48%"
"2022-3-29","1,497.76","1,483.18","1,498.45","1,483.18","737.94K","0.98%"
"2022-3-28","1,483.18","1,498.50","1,498.50","1,473.80","1.07M","-1.02%"
"2022-3-25","1,498.50","1,500.17","1,503.29","1,494.55","768.94K","0.02%"
"2022-3-24","1,498.26","1,502.34","1,505.39","1,495.18","784.91K","-0.27%"
"2022-3-23","1,502.34","1,503.78","1,513.90","1,501.67","861.13K","-0.10%"
"2022-3-22","1,503.78","1,494.95","1,507.71","1,494.95","947.70K","0.59%"
"2022-3-21","1,494.95","1,474.78","1,494.95","1,474.38","792.16K","1.76%"
"2022-3-18","1,469.10","1,461.34","1,474.86","1,461.34","795.73K","0.53%"
"2022-3-17","1,461.34","1,459.33","1,467.74","1,459.14","717.44K","0.14%"
"2022-3-16","1,459.33","1,452.74","1,462.98","1,452.74","624.22K","0.45%"
"2022-3-15","1,452.74","1,446.25","1,453.07","1,437.27","675.63K","0.45%"
"2022-3-14","1,446.25","1,466.54","1,466.54","1,439.19","858.57K","-1.38%"
"2022-3-11","1,466.54","1,479.08","1,480.29","1,458.88","878.19K","-0.85%"
"2022-3-10","1,479.08","1,473.74","1,488.59","1,473.74","649.94K","0.36%"
"2022-3-9","1,473.74","1,473.71","1,482.86","1,462.80","930.30K","0.00%"
"2022-3-8","1,473.71","1,499.05","1,499.05","1,473.71","1.04M","-1.69%"
"2022-3-7","1,499.05","1,505.33","1,505.33","1,493.87","981.72K","-0.42%"
"2022-3-4","1,505.33","1,505.00","1,509.19","1,501.39","928.92K","0.02%"
"2022-3-3","1,505.00","1,485.52","1,505.00","1,485.52","929.21K","1.31%"
"2022-3-2","1,485.52","1,499.37","1,500.41","1,479.55","941.55K","-0.88%"
"2022-3-1","1,498.78","1,490.13","1,501.73","1,490.13","842.43K","0.58%"
"2022-2-28","1,490.13","1,498.89","1,502.36","1,487.57","729.79K","-0.58%"
"2022-2-25","1,498.89","1,494.85","1,512.05","1,494.85","768.01K","0.27%"
"2022-2-24","1,494.85","1,512.30","1,513.25","1,473.76","1.16M","-1.15%"
"2022-2-23","1,512.30","1,503.47","1,520.78","1,503.47","694.65K","0.59%"
"2022-2-22","1,503.47","1,510.84","1,510.84","1,484.81","908.05K","-0.49%"
"2022-2-21","1,510.84","1,504.84","1,516.63","1,500.97","791.92K","0.40%"
"2022-2-18","1,504.84","1,507.99","1,507.99","1,492.38","697.55K","-0.21%"
"2022-2-17","1,507.99","1,492.10","1,507.99","1,492.10","615.79K","1.06%"
"2022-2-16","1,492.10","1,492.75","1,499.50","1,486.68","702.52K","-0.04%"
"2022-2-15","1,492.75","1,471.96","1,495.56","1,470.06","606.42K","1.41%"
"2022-2-14","1,471.96","1,501.71","1,501.71","1,471.96","810.72K","-1.98%"
"2022-2-11","1,501.71","1,506.79","1,508.54","1,499.06","636.28K","-0.34%"
"2022-2-10","1,506.79","1,510.66","1,512.88","1,495.70","680.25K","0.09%"
"2022-2-9","1,505.38","1,500.99","1,511.72","1,499.53","794.74K","0.29%"
"2022-2-8","1,500.99","1,497.66","1,503.33","1,491.78","734.76K","0.22%"
"2022-2-7","1,497.66","1,478.96","1,505.69","1,478.96","578.17K","1.26%"
"2022-1-28","1,478.96","1,470.76","1,484.48","1,465.22","702.68K","0.56%"
"2022-1-27","1,470.76","1,481.58","1,486.39","1,464.06","564.60K","-0.73%"
"2022-1-26","1,481.58","1,479.58","1,490.45","1,478.41","813.18K","0.14%"
"2022-1-25","1,479.58","1,439.71","1,479.58","1,424.36","751.39K","2.77%"
"2022-1-24","1,439.71","1,472.89","1,472.89","1,432.18","828.13K","-2.25%"
"2022-1-21","1,472.89","1,465.30","1,477.23","1,463.06","811.35K","0.52%"
"2022-1-20","1,465.30","1,442.79","1,469.08","1,432.58","785.76K","1.56%"
"2022-1-19","1,442.79","1,438.94","1,449.11","1,434.46","637.63K","0.27%"
"2022-1-18","1,438.94","1,452.84","1,452.84","1,424.65","739.29K","-0.96%"
"2022-1-17","1,452.84","1,496.02","1,503.86","1,452.84","987.10K","-2.89%"
"2022-1-14","1,496.02","1,496.05","1,503.25","1,476.68","785.61K","0.00%"
"2022-1-13","1,496.05","1,510.51","1,522.60","1,495.13","995.82K","-0.96%"
"2022-1-12","1,510.51","1,489.11","1,510.51","1,464.49","1.13M","1.22%"
"2022-1-11","1,492.31","1,503.71","1,512.05","1,488.40","1.25M","-0.76%"
"2022-1-10","1,503.71","1,528.48","1,536.45","1,503.71","1.38M","-1.62%"
"2022-1-7","1,528.48","1,534.10","1,534.52","1,524.96","1.03M","-0.01%"
"2022-1-6","1,528.57","1,522.50","1,536.24","1,518.18","1.13M","0.40%"
"2022-1-5","1,522.50","1,525.58","1,535.82","1,522.50","1.06M","-0.20%"
"2022-1-4","1,525.58","1,508.55","1,526.69","1,507.19","891.30K","1.82%"
"2021-12-31","1,498.28","1,485.97","1,499.07","1,485.97","875.73K","0.83%"
"2021-12-30","1,485.97","1,490.96","1,493.38","1,484.82","747.86K","0.01%"
"2021-12-29","1,485.82","1,494.39","1,498.91","1,485.82","843.88K","-0.57%"
"2021-12-28","1,494.39","1,488.88","1,499.77","1,483.97","1.00M","0.37%"
"2021-12-27","1,488.88","1,477.03","1,490.12","1,469.91","752.11K","0.80%"
"2021-12-24","1,477.03","1,456.96","1,478.80","1,456.32","889.48K","1.38%"
"2021-12-23","1,456.96","1,477.67","1,481.21","1,447.14","1.36M","-1.40%"
"2021-12-22","1,477.67","1,478.74","1,489.24","1,471.84","1.07M","-0.07%"
"2021-12-21","1,478.74","1,477.33","1,486.09","1,472.43","902.84K","0.10%"
"2021-12-20","1,477.33","1,479.79","1,483.85","1,468.88","963.35K","-0.17%"
"2021-12-17","1,479.79","1,476.61","1,487.73","1,476.61","1.11M","0.22%"
"2021-12-16","1,476.61","1,475.50","1,482.32","1,468.95","927.54K","0.08%"
"2021-12-15","1,475.50","1,476.02","1,481.67","1,468.21","906.08K","-0.04%"
"2021-12-14","1,476.02","1,476.21","1,485.14","1,469.21","964.11K","-0.01%"
"2021-12-13","1,476.21","1,463.54","1,481.70","1,463.54","865.58K","0.87%"
"2021-12-10","1,463.54","1,467.98","1,475.85","1,461.78","798.29K","-0.30%"
"2021-12-9","1,467.98","1,452.87","1,467.98","1,446.88","665.46K","1.04%"
"2021-12-8","1,452.87","1,446.77","1,460.28","1,446.77","771.03K","0.42%"
"2021-12-7","1,446.77","1,413.58","1,446.77","1,413.58","755.91K","2.35%"
"2021-12-6","1,413.58","1,443.32","1,452.55","1,400.87","1.04M","-2.06%"
"2021-12-3","1,443.32","1,482.05","1,491.20","1,443.32","1.10M","-2.61%"
"2021-12-2","1,482.05","1,485.19","1,493.84","1,482.05","763.96K","-0.21%"
"2021-12-1","1,485.19","1,478.44","1,487.68","1,471.30","876.73K","0.46%"
"2021-11-30","1,478.44","1,484.84","1,503.09","1,471.57","1.08M","-0.43%"
"2021-11-29","1,484.84","1,493.03","1,493.03","1,464.83","1.01M","-0.55%"
"2021-11-26","1,493.03","1,500.81","1,511.68","1,488.83","1.06M","-0.52%"
"2021-11-25","1,500.81","1,488.87","1,505.36","1,488.87","1.01M","0.80%"
"2021-11-24","1,488.87","1,463.63","1,491.05","1,463.63","1.12M","1.72%"
"2021-11-23","1,463.63","1,447.25","1,463.63","1,438.41","880.07K","1.13%"
"2021-11-22","1,447.25","1,452.35","1,466.46","1,442.85","1.27M","-0.35%"
"2021-11-19","1,452.35","1,469.83","1,481.53","1,434.69","1.52M","-1.19%"
"2021-11-18","1,469.83","1,475.85","1,482.87","1,469.83","1.09M","-0.41%"
"2021-11-17","1,475.85","1,466.45","1,477.04","1,464.78","860.80K","0.64%"
"2021-11-16","1,466.45","1,476.57","1,476.97","1,459.08","1.22M","-0.69%"
"2021-11-15","1,476.57","1,473.37","1,481.96","1,466.01","1.17M","0.22%"
"2021-11-12","1,473.37","1,462.35","1,474.98","1,453.22","955.63K","0.75%"
"2021-11-11","1,462.35","1,465.02","1,472.89","1,449.18","1.27M","-0.18%"
"2021-11-10","1,465.02","1,461.50","1,470.19","1,457.98","985.54K","0.24%"
"2021-11-9","1,461.50","1,467.57","1,474.20","1,457.57","1.03M","-0.41%"
"2021-11-8","1,467.57","1,456.51","1,470.49","1,456.51","1.08M","0.76%"
"2021-11-5","1,456.51","1,448.34","1,459.93","1,444.51","874.07K","0.56%"
"2021-11-4","1,448.34","1,444.30","1,451.98","1,435.84","929.53K","0.28%"
"2021-11-3","1,444.30","1,452.46","1,463.63","1,440.67","1.51M","-0.56%"
"2021-11-2","1,452.46","1,438.97","1,452.46","1,438.83","1.01M","0.94%"
"2021-11-1","1,438.97","1,444.27","1,451.81","1,435.57","1.13M","-0.37%"
"2021-10-29","1,444.27","1,438.01","1,447.62","1,432.19","982.01K","0.44%"
"2021-10-28","1,438.01","1,423.02","1,440.64","1,420.42","865.43K","1.05%"
"2021-10-27","1,423.02","1,391.63","1,423.02","1,391.63","936.22K","2.26%"
"2021-10-26","1,391.63","1,385.40","1,393.03","1,377.56","747.95K","0.45%"
"2021-10-25","1,385.40","1,389.24","1,395.72","1,385.40","899.26K","-0.28%"
"2021-10-22","1,389.24","1,384.77","1,393.70","1,384.77","798.13K","0.32%"
"2021-10-21","1,384.77","1,393.80","1,398.45","1,384.77","709.07K","-0.65%"
"2021-10-20","1,393.80","1,395.33","1,401.76","1,376.15","845.89K","-0.11%"
"2021-10-19","1,395.33","1,395.53","1,399.66","1,388.95","639.44K","-0.01%"
"2021-10-18","1,395.53","1,392.70","1,402.63","1,390.88","795.92K","0.20%"
"2021-10-15","1,392.70","1,391.85","1,399.03","1,388.00","784.56K","0.06%"
"2021-10-14","1,391.85","1,391.91","1,398.67","1,388.89","725.51K","0.00%"
"2021-10-13","1,391.91","1,394.80","1,400.67","1,389.61","645.35K","-0.21%"
"2021-10-12","1,394.80","1,394.09","1,400.78","1,389.43","742.81K","0.05%"
"2021-10-11","1,394.09","1,372.73","1,394.64","1,372.73","764.35K","1.56%"
"2021-10-8","1,372.73","1,365.99","1,373.18","1,365.93","632.86K","0.49%"
"2021-10-7","1,365.99","1,362.82","1,367.64","1,360.57","693.03K","0.23%"
"2021-10-6","1,362.82","1,354.63","1,362.82","1,354.63","637.00K","0.60%"
"2021-10-5","1,354.63","1,339.54","1,354.63","1,339.54","636.27K","1.13%"
"2021-10-4","1,339.54","1,334.89","1,347.49","1,333.53","736.08K","0.35%"
"2021-10-1","1,334.89","1,342.06","1,344.06","1,332.97","738.17K","-0.53%"
"2021-9-30","1,342.06","1,339.21","1,348.89","1,339.21","438.29K","0.21%"
"2021-9-29","1,339.21","1,339.31","1,340.90","1,328.17","598.50K","-0.01%"
"2021-9-28","1,339.31","1,324.99","1,341.81","1,316.41","623.51K","1.08%"
"2021-9-27","1,324.99","1,351.17","1,354.38","1,324.99","778.44K","-1.94%"
"2021-9-24","1,351.17","1,352.76","1,356.97","1,348.07","673.10K","-0.12%"
"2021-9-23","1,352.76","1,350.68","1,361.09","1,350.43","997.61K","0.15%"
"2021-9-22","1,350.68","1,339.84","1,350.71","1,336.63","779.65K","0.81%"
"2021-9-21","1,339.84","1,350.48","1,350.48","1,324.82","859.68K","-0.79%"
"2021-9-20","1,350.48","1,352.64","1,365.92","1,349.18","895.46K","-0.16%"
"2021-9-17","1,352.64","1,345.87","1,356.45","1,345.87","852.78K","0.50%"
"2021-9-16","1,345.87","1,345.83","1,353.12","1,341.23","599.77K","0.00%"
"2021-9-15","1,345.83","1,339.70","1,347.70","1,334.97","692.09K","0.46%"
"2021-9-14","1,339.70","1,341.43","1,349.13","1,336.84","730.45K","-0.13%"
"2021-9-13","1,341.43","1,345.31","1,350.69","1,340.50","775.47K","-0.29%"
"2021-9-10","1,345.31","1,343.98","1,350.43","1,343.98","598.73K","0.10%"
"2021-9-9","1,343.98","1,333.61","1,345.59","1,332.67","642.57K","0.78%"
"2021-9-8","1,333.61","1,341.90","1,344.49","1,328.35","626.08K","-0.62%"
"2021-9-7","1,341.90","1,346.39","1,353.66","1,340.32","869.38K","-0.33%"
"2021-9-6","1,346.39","1,334.65","1,348.36","1,334.65","944.41K","0.88%"
"2021-9-1","1,334.65","1,331.47","1,338.02","1,328.13","719.96K","0.24%"
"2021-8-31","1,331.47","1,328.14","1,336.14","1,325.69","733.83K","0.25%"
"2021-8-30","1,328.14","1,313.20","1,329.62","1,313.20","676.54K","1.14%"
"2021-8-27","1,313.20","1,301.12","1,313.20","1,285.16","685.06K","0.93%"
"2021-8-26","1,301.12","1,309.55","1,316.26","1,295.77","524.29K","-0.64%"
"2021-8-25","1,309.55","1,298.74","1,310.16","1,291.70","522.87K","0.83%"
"2021-8-24","1,298.74","1,298.86","1,307.56","1,289.16","714.27K","-0.01%"
"2021-8-23","1,298.86","1,329.43","1,329.43","1,298.86","795.07K","-2.30%"
"2021-8-20","1,329.43","1,374.85","1,374.85","1,317.52","1.21M","-3.30%"
"2021-8-19","1,374.85","1,360.94","1,374.85","1,352.94","728.17K","1.02%"
"2021-8-18","1,360.94","1,363.09","1,370.50","1,355.83","689.78K","-0.16%"
"2021-8-17","1,363.09","1,370.96","1,379.70","1,359.11","768.61K","-0.57%"
"2021-8-16","1,370.96","1,357.05","1,372.33","1,357.05","827.71K","1.03%"
"2021-8-13","1,357.05","1,353.05","1,357.41","1,336.74","744.15K","0.30%"
"2021-8-12","1,353.05","1,357.79","1,365.01","1,353.05","741.56K","-0.35%"
"2021-8-11","1,357.79","1,362.43","1,374.03","1,357.79","806.77K","-0.34%"
"2021-8-10","1,362.43","1,359.86","1,370.35","1,358.12","716.54K","0.19%"
"2021-8-9","1,359.86","1,341.45","1,361.12","1,334.69","688.43K","1.37%"
"2021-8-6","1,341.45","1,345.55","1,351.85","1,341.45","736.16K","-0.30%"
"2021-8-5","1,345.55","1,334.74","1,346.62","1,326.80","635.47K","0.81%"
"2021-8-4","1,334.74","1,332.44","1,340.76","1,328.40","661.80K","0.17%"
"2021-8-3","1,332.44","1,314.22","1,332.44","1,314.22","647.01K","1.39%"
"2021-8-2","1,314.22","1,310.05","1,322.35","1,304.49","614.53K","0.32%"
"2021-7-30","1,310.05","1,293.60","1,311.97","1,293.60","644.44K","1.27%"
"2021-7-29","1,293.60","1,277.07","1,293.60","1,277.07","491.06K","1.29%"
"2021-7-28","1,277.07","1,276.93","1,281.17","1,271.78","406.89K","0.01%"
"2021-7-27","1,276.93","1,272.71","1,288.35","1,272.71","566.75K","0.33%"
"2021-7-26","1,272.71","1,268.83","1,277.33","1,254.57","508.55K","0.31%"
"2021-7-23","1,268.83","1,293.67","1,295.63","1,268.83","582.25K","-1.92%"
"2021-7-22","1,293.67","1,270.79","1,294.16","1,266.54","536.41K","1.80%"
"2021-7-21","1,270.79","1,273.29","1,284.33","1,266.71","451.95K","-0.20%"
"2021-7-20","1,273.29","1,243.51","1,273.29","1,225.52","568.60K","2.39%"
"2021-7-19","1,243.51","1,299.31","1,299.31","1,237.79","731.02K","-4.29%"
"2021-7-16","1,299.31","1,293.92","1,304.37","1,293.92","415.12K","0.42%"
"2021-7-15","1,293.92","1,279.91","1,299.18","1,270.77","419.14K","1.09%"
"2021-7-14","1,279.91","1,297.54","1,305.37","1,264.68","547.97K","-1.36%"
"2021-7-13","1,297.54","1,296.30","1,307.73","1,278.30","500.18K","0.10%"
"2021-7-12","1,296.30","1,347.14","1,347.14","1,270.06","912.74K","-3.77%"
"2021-7-9","1,347.14","1,374.68","1,374.68","1,335.90","713.99K","-2.00%"
"2021-7-8","1,374.68","1,388.55","1,388.55","1,363.92","528.83K","-1.00%"
"2021-7-7","1,388.55","1,354.79","1,388.55","1,334.58","733.80K","2.49%"
"2021-7-6","1,354.79","1,411.13","1,418.99","1,354.79","773.51K","-3.99%"
"2021-7-5","1,411.13","1,420.27","1,421.52","1,394.12","774.45K","-0.64%"
"2021-7-2","1,420.27","1,422.89","1,424.28","1,415.82","706.83K","0.23%"
"2021-7-1","1,417.08","1,412.15","1,417.27","1,402.18","753.56K","0.61%"
"2021-6-30","1,408.55","1,410.83","1,419.61","1,408.18","595.29K","-0.11%"
"2021-6-29","1,410.04","1,408.34","1,416.34","1,406.87","647.39K","0.30%"
"2021-6-28","1,405.81","1,397.96","1,406.02","1,390.56","699.51K","1.13%"
"2021-6-25","1,390.12","1,382.11","1,390.12","1,372.80","598.11K","0.75%"
"2021-6-24","1,379.72","1,376.87","1,384.71","1,372.99","591.75K","0.21%"
"2021-6-23","1,376.87","1,383.15","1,388.33","1,372.06","710.77K","-0.22%"
"2021-6-22","1,379.97","1,380.84","1,385.98","1,375.00","746.95K","0.53%"
"2021-6-21","1,372.63","1,373.59","1,381.74","1,367.85","768.18K","-0.37%"
"2021-6-18","1,377.77","1,366.19","1,377.77","1,363.52","809.47K","1.31%"
"2021-6-17","1,359.92","1,341.06","1,364.55","1,337.49","768.73K","0.25%"
"2021-6-16","1,356.52","1,363.85","1,370.14","1,350.73","769.63K","-0.79%"
"2021-6-15","1,367.36","1,361.58","1,372.72","1,356.59","730.94K","0.41%"
"2021-6-14","1,361.72","1,352.73","1,368.53","1,352.73","775.73K","0.74%"
"2021-6-11","1,351.74","1,326.79","1,352.47","1,322.08","731.26K","2.13%"
"2021-6-10","1,323.58","1,332.90","1,336.71","1,317.49","723.49K","-0.70%"
"2021-6-9","1,332.90","1,323.52","1,339.14","1,312.08","822.29K","0.99%"
"2021-6-8","1,319.88","1,355.36","1,364.48","1,318.11","924.51K","-2.86%"
"2021-6-7","1,358.78","1,374.59","1,375.74","1,347.21","876.69K","-1.11%"
"2021-6-4","1,374.05","1,367.06","1,374.05","1,360.42","943.33K","0.72%"
"2021-6-3","1,364.28","1,345.21","1,366.00","1,345.21","898.88K","1.75%"
"2021-6-2","1,340.78","1,337.78","1,344.98","1,330.82","805.24K","0.22%"
"2021-6-1","1,337.78","1,329.47","1,346.34","1,328.84","629.42K","0.73%"
"2021-5-31","1,328.05","1,326.65","1,328.05","1,307.56","737.18K","0.57%"
"2021-5-28","1,320.46","1,307.79","1,323.09","1,300.06","768.85K","1.30%"
"2021-5-27","1,303.57","1,318.42","1,319.67","1,299.99","733.00K","-1.00%"
"2021-5-26","1,316.70","1,308.04","1,317.30","1,304.68","713.07K","0.62%"
"2021-5-25","1,308.58","1,299.19","1,308.58","1,297.23","679.06K","0.82%"
"2021-5-24","1,297.98","1,287.50","1,299.83","1,287.36","715.51K","1.09%"
"2021-5-21","1,283.93","1,272.84","1,289.03","1,268.46","698.93K","0.45%"
"2021-5-20","1,278.22","1,264.62","1,278.22","1,255.78","745.21K","1.25%"
"2021-5-19","1,262.49","1,254.78","1,262.71","1,250.58","694.35K","0.78%"
"2021-5-18","1,252.68","1,259.57","1,262.22","1,249.02","692.48K","-0.48%"
"2021-5-17","1,258.70","1,272.55","1,277.83","1,258.50","758.29K","-0.60%"
"2021-5-14","1,266.36","1,266.43","1,271.45","1,259.97","730.99K","0.35%"
"2021-5-13","1,261.99","1,262.98","1,273.49","1,261.99","711.52K","-0.56%"
"2021-5-12","1,269.09","1,251.97","1,269.09","1,249.18","700.67K","1.04%"
"2021-5-11","1,256.04","1,265.11","1,272.55","1,256.04","770.09K","-0.28%"
"2021-5-10","1,259.58","1,239.96","1,259.58","1,236.85","773.06K","1.43%"
"2021-5-7","1,241.81","1,245.48","1,250.50","1,231.92","783.04K","-0.70%"
"2021-5-6","1,250.57","1,255.42","1,261.49","1,246.64","730.50K","-0.47%"
"2021-5-5","1,256.43","1,244.69","1,265.93","1,244.69","744.43K","1.15%"
"2021-5-4","1,242.20","1,222.08","1,242.80","1,212.56","798.49K","0.23%"
"2021-4-29","1,239.39","1,234.91","1,239.39","1,231.25","647.16K","0.80%"
"2021-4-28","1,229.55","1,220.26","1,230.91","1,217.49","612.70K","0.80%"
"2021-4-27","1,219.75","1,213.84","1,220.96","1,204.14","618.17K","0.33%"
"2021-4-26","1,215.77","1,251.25","1,251.25","1,214.14","744.95K","-2.62%"
"2021-4-23","1,248.53","1,227.18","1,248.53","1,216.15","716.52K","1.69%"
"2021-4-22","1,227.82","1,264.31","1,271.98","1,227.82","770.37K","-3.19%"
"2021-4-20","1,268.28","1,267.74","1,286.32","1,261.28","843.60K","0.61%"
"2021-4-19","1,260.58","1,243.58","1,260.58","1,233.77","817.13K","1.77%"
"2021-4-16","1,238.71","1,245.06","1,254.61","1,227.14","986.88K","-0.68%"
"2021-4-15","1,247.25","1,262.25","1,265.87","1,247.25","806.49K","-0.69%"
"2021-4-14","1,255.87","1,240.90","1,255.87","1,233.01","861.96K","0.60%"
"2021-4-13","1,248.33","1,262.44","1,268.02","1,247.66","1.03M","-0.33%"
"2021-4-12","1,252.45","1,236.79","1,252.45","1,232.35","890.31K","1.69%"
"2021-4-9","1,231.66","1,231.51","1,234.98","1,227.60","732.82K","-0.26%"
"2021-4-8","1,234.89","1,242.38","1,246.40","1,232.26","664.51K","-0.60%"
"2021-4-7","1,242.38","1,237.39","1,242.38","1,232.52","727.82K","0.20%"
"2021-4-6","1,239.96","1,233.37","1,244.63","1,231.14","694.06K","0.32%"
"2021-4-5","1,236.05","1,245.28","1,245.28","1,228.18","693.04K","0.95%"
"2021-4-2","1,224.45","1,225.76","1,228.29","1,221.07","661.89K","0.69%"
"2021-4-1","1,216.10","1,194.59","1,217.26","1,192.83","672.84K","2.07%"
"2021-3-31","1,191.44","1,186.36","1,196.45","1,186.36","703.08K","0.43%"
"2021-3-30","1,186.36","1,179.64","1,187.29","1,172.85","780.73K","0.91%"
"2021-3-29","1,175.68","1,169.65","1,175.77","1,165.78","660.95K","1.16%"
"2021-3-26","1,162.21","1,162.71","1,165.76","1,137.90","670.46K","-0.08%"
"2021-3-25","1,163.10","1,164.41","1,170.76","1,154.44","690.73K","0.11%"
"2021-3-24","1,161.81","1,169.42","1,174.20","1,154.22","750.48K","-1.83%"
"2021-3-23","1,183.45","1,190.28","1,191.47","1,177.10","683.72K","-0.92%"
"2021-3-22","1,194.43","1,200.05","1,200.21","1,189.31","700.87K","0.03%"
"2021-3-19","1,194.05","1,195.47","1,199.67","1,191.96","680.90K","-0.57%"
"2021-3-18","1,200.94","1,196.60","1,200.94","1,191.94","628.64K","1.25%"
"2021-3-17","1,186.09","1,178.64","1,186.09","1,176.26","701.09K","0.52%"
"2021-3-16","1,179.90","1,184.91","1,184.91","1,171.76","683.85K","-0.39%"
"2021-3-15","1,184.56","1,183.89","1,186.06","1,178.80","676.96K","0.25%"
"2021-3-12","1,181.56","1,185.21","1,186.52","1,178.14","624.71K","-0.01%"
"2021-3-11","1,181.73","1,170.08","1,183.73","1,170.08","629.10K","1.00%"
"2021-3-10","1,170.08","1,163.86","1,170.59","1,154.89","723.92K","0.70%"
"2021-3-9","1,161.97","1,160.96","1,166.42","1,150.94","641.43K","-0.54%"
"2021-3-8","1,168.27","1,180.33","1,181.25","1,164.02","652.70K","-0.04%"
"2021-3-5","1,168.69","1,164.19","1,169.56","1,155.60","594.84K","0.01%"
"2021-3-4","1,168.52","1,191.78","1,191.90","1,159.48","673.45K","-1.55%"
"2021-3-3","1,186.95","1,184.73","1,189.18","1,180.25","631.67K","0.03%"
"2021-3-2","1,186.61","1,196.16","1,196.16","1,181.99","577.01K","0.04%"
"2021-3-1","1,186.17","1,176.93","1,186.82","1,174.45","643.38K","1.51%"
"2021-2-26","1,168.47","1,148.88","1,169.28","1,148.88","554.46K","0.26%"
"2021-2-25","1,165.43","1,169.97","1,169.97","1,155.74","510.43K","0.29%"
"2021-2-24","1,162.01","1,184.32","1,185.58","1,154.36","603.00K","-1.33%"
"2021-2-23","1,177.64","1,174.57","1,184.32","1,168.32","598.27K","0.22%"
"2021-2-22","1,175.04","1,173.57","1,182.67","1,169.12","630.04K","0.13%"
"2021-2-19","1,173.50","1,160.65","1,178.18","1,157.60","578.28K","-0.07%"
"2021-2-18","1,174.38","1,157.10","1,174.38","1,148.66","614.82K","1.61%"
"2021-2-17","1,155.78","1,127.46","1,155.78","1,127.46","568.03K","3.66%"
"2021-2-9","1,114.93","1,090.88","1,114.93","1,078.98","519.81K","2.93%"
"2021-2-8","1,083.18","1,127.06","1,127.06","1,075.10","696.60K","-3.88%"
"2021-2-5","1,126.91","1,114.79","1,126.91","1,112.19","529.87K","1.32%"
"2021-2-4","1,112.19","1,112.97","1,117.88","1,098.85","523.41K","0.08%"
"2021-2-3","1,111.29","1,084.87","1,113.24","1,082.95","703.18K","3.32%"
"2021-2-2","1,075.53","1,036.95","1,075.53","1,029.36","602.62K","3.86%"
"2021-2-1","1,035.51","1,056.61","1,074.52","1,035.51","634.33K","-2.00%"
"2021-1-29","1,056.61","998.33","1,076.11","998.33","797.39K","3.19%"
"2021-1-28","1,023.94","1,041.71","1,052.16","1,022.77","767.87K","-6.67%"
"2021-1-27","1,097.17","1,122.41","1,132.99","1,088.86","785.70K","-3.43%"
"2021-1-26","1,136.12","1,164.97","1,164.97","1,121.03","782.27K","-2.57%"
"2021-1-25","1,166.05","1,164.20","1,172.18","1,162.80","707.24K","-0.06%"
"2021-1-22","1,166.78","1,166.77","1,175.72","1,161.43","758.32K","0.22%"
"2021-1-21","1,164.21","1,146.86","1,164.21","1,132.66","721.92K","2.60%"
"2021-1-20","1,134.68","1,136.50","1,142.48","1,098.05","839.30K","0.33%"
"2021-1-19","1,131.00","1,189.91","1,189.91","1,117.17","986.19K","-5.11%"
"2021-1-18","1,191.94","1,198.79","1,200.85","1,190.33","747.42K","-0.19%"
"2021-1-15","1,194.20","1,188.84","1,197.74","1,188.84","783.11K","0.57%"
"2021-1-14","1,187.40","1,189.48","1,190.50","1,178.84","779.34K","0.11%"
"2021-1-13","1,186.05","1,197.32","1,200.82","1,183.18","819.29K","-0.52%"
"2021-1-12","1,192.28","1,190.38","1,192.28","1,179.24","719.94K","0.62%"
"2021-1-11","1,184.89","1,176.47","1,186.45","1,175.00","845.85K","1.47%"
"2021-1-8","1,167.69","1,164.10","1,176.33","1,160.48","808.31K","0.97%"
"2021-1-7","1,156.49","1,147.26","1,156.49","1,143.44","763.74K","1.16%"
"2021-1-6","1,143.21","1,139.12","1,152.85","1,133.70","790.45K","0.94%"
"2021-1-5","1,132.55","1,116.96","1,134.45","1,116.49","763.43K","1.08%"
"2021-1-4","1,120.47","1,113.77","1,126.43","1,113.59","764.04K","1.50%"
"2020-12-31","1,103.87","1,098.25","1,105.33","1,096.27","527.82K","0.58%"
"2020-12-30","1,097.54","1,099.78","1,108.83","1,094.91","676.98K","-0.18%"
"2020-12-29","1,099.49","1,090.49","1,102.79","1,087.93","678.82K","0.75%"
"2020-12-28","1,091.33","1,094.37","1,096.11","1,083.90","723.88K","0.64%"
"2020-12-25","1,084.42","1,068.83","1,084.42","1,061.83","652.81K","1.58%"
"2020-12-24","1,067.52","1,083.83","1,084.76","1,046.89","757.32K","-1.05%"
"2020-12-23","1,078.90","1,087.89","1,094.09","1,077.92","813.17K","-0.42%"
"2020-12-22","1,083.45","1,081.85","1,084.23","1,077.06","756.11K","0.22%"
"2020-12-21","1,081.08","1,071.62","1,081.60","1,070.86","713.66K","1.28%"
"2020-12-18","1,067.46","1,055.75","1,068.56","1,055.75","623.64K","1.49%"
"2020-12-17","1,051.77","1,065.85","1,065.85","1,051.42","667.89K","-1.43%"
"2020-12-16","1,066.99","1,058.34","1,066.99","1,057.21","591.57K","1.11%"
"2020-12-15","1,055.27","1,062.02","1,067.45","1,052.01","675.18K","-0.83%"
"2020-12-14","1,064.09","1,048.97","1,064.09","1,048.97","583.59K","1.73%"
"2020-12-11","1,045.96","1,033.19","1,045.96","1,030.06","463.77K","1.46%"
"2020-12-10","1,030.91","1,041.65","1,044.10","1,030.91","626.45K","-0.79%"
"2020-12-9","1,039.13","1,029.26","1,039.55","1,029.26","586.05K","0.96%"
"2020-12-8","1,029.26","1,029.98","1,032.58","1,025.63","527.67K","-0.07%"
"2020-12-7","1,029.98","1,024.34","1,030.41","1,022.14","520.34K","0.83%"
"2020-12-4","1,021.49","1,019.80","1,025.17","1,018.67","553.59K","0.17%"
"2020-12-3","1,019.80","1,016.73","1,020.35","1,014.06","518.91K","0.54%"
"2020-12-2","1,014.32","1,008.77","1,015.86","1,007.91","684.53K","0.54%"
"2020-12-1","1,008.87","988.71","1,008.87","988.71","583.31K","0.58%"
"2020-11-30","1,003.08","1,011.82","1,012.50","1,002.61","532.93K","-0.71%"
"2020-11-27","1,010.22","1,006.68","1,010.22","1,004.00","446.44K","0.42%"
"2020-11-26","1,005.97","999.24","1,005.97","994.91","493.56K","0.60%"
"2020-11-25","999.94","1,000.39","1,002.31","996.80","475.74K","0.42%"
"2020-11-24","995.76","996.55","997.99","984.92","550.07K","0.16%"
"2020-11-23","994.19","991.87","995.90","985.38","489.69K","0.42%"
"2020-11-20","990.00","984.71","990.00","980.72","501.05K","0.69%"
"2020-11-19","983.26","975.32","983.26","974.33","500.12K","1.00%"
"2020-11-18","973.53","969.48","974.30","966.32","478.68K","0.48%"
"2020-11-17","968.90","955.52","968.90","953.22","400.96K","1.90%"
"2020-11-16","950.79","970.11","972.98","950.50","518.93K","-1.60%"
"2020-11-13","966.29","959.56","966.29","959.13","457.83K","0.73%"
"2020-11-12","959.28","953.97","959.28","953.62","343.91K","0.74%"
"2020-11-11","952.22","954.46","956.65","947.61","376.51K","0.03%"
"2020-11-10","951.90","962.68","963.47","951.90","456.75K","-0.01%"
"2020-11-9","951.99","942.15","951.99","942.15","393.20K","1.46%"
"2020-11-6","938.29","939.73","941.20","934.63","268.23K","0.06%"
"2020-11-5","937.75","940.32","945.51","937.75","304.33K","-0.21%"
"2020-11-4","939.76","935.41","943.56","933.86","350.87K","0.47%"
"2020-11-3","935.41","936.73","937.57","932.18","318.70K","0.19%"
"2020-11-2","933.68","926.09","933.68","924.14","297.60K","0.89%"
"2020-10-30","925.47","925.41","926.32","911.20","312.75K","0.70%"
"2020-10-29","919.08","916.49","925.84","914.33","436.13K","-0.21%"
"2020-10-28","921.05","942.82","946.91","921.05","456.06K","-2.69%"
"2020-10-27","946.47","950.80","954.72","946.28","455.85K","-0.46%"
"2020-10-26","950.80","967.52","970.15","950.80","428.25K","-1.09%"
"2020-10-23","961.26","953.45","961.26","953.14","452.49K","1.20%"
"2020-10-22","949.90","938.06","949.90","933.78","365.12K","1.16%"
"2020-10-21","939.03","947.16","948.20","939.00","412.65K","-0.57%"
"2020-10-20","944.42","941.00","944.54","937.32","444.33K","0.08%"
"2020-10-19","943.69","945.01","946.29","941.92","389.47K","0.04%"
"2020-10-16","943.30","944.03","946.23","935.98","443.33K","0.06%"
"2020-10-15","942.76","945.28","945.93","938.70","470.51K","0.27%"
"2020-10-14","940.18","931.89","940.18","931.89","474.92K","1.11%"
"2020-10-13","929.86","926.76","930.96","923.78","359.02K","0.44%"
"2020-10-12","925.83","930.78","933.13","923.28","457.23K","0.20%"
"2020-10-9","924.00","919.48","924.00","917.70","388.13K","0.56%"
"2020-10-8","918.84","922.08","922.08","913.89","470.30K","-0.10%"
"2020-10-7","919.72","913.62","923.57","912.69","523.96K","0.44%"
"2020-10-6","915.67","918.11","918.93","912.77","496.13K","0.11%"
"2020-10-5","914.68","913.77","915.55","910.96","456.10K","0.52%"
"2020-10-2","909.91","914.09","916.67","897.72","527.16K","-0.46%"
"2020-10-1","914.09","910.13","914.09","909.13","352.45K","0.98%"
"2020-9-30","905.21","904.34","907.00","900.44","340.69K","0.14%"
"2020-9-29","903.98","916.63","917.49","903.98","465.36K","-0.93%"
"2020-9-28","912.50","911.20","913.60","910.04","420.24K","0.47%"
"2020-9-25","908.27","910.78","911.30","905.56","361.23K","-0.03%"
"2020-9-24","908.58","910.53","914.51","907.32","398.46K","-0.43%"
"2020-9-23","912.50","908.97","913.52","908.97","392.51K","0.70%"
"2020-9-22","906.19","905.90","909.69","902.47","401.41K","-0.19%"
"2020-9-21","907.94","904.50","909.78","904.50","403.44K","0.78%"
"2020-9-18","900.95","896.08","902.11","895.82","361.84K","0.77%"
"2020-9-17","894.04","897.47","899.41","890.93","395.46K","-0.38%"
"2020-9-16","897.47","897.43","897.58","894.63","290.43K","0.14%"
"2020-9-15","896.26","896.61","898.74","894.66","381.80K","0.19%"
"2020-9-14","894.57","891.89","895.31","891.89","364.43K","0.63%"
"2020-9-11","888.97","888.82","890.98","884.67","309.91K","0.02%"
"2020-9-10","888.82","895.29","896.78","888.82","387.24K","-0.06%"
"2020-9-9","889.32","883.68","892.40","881.57","318.44K","-0.09%"
"2020-9-8","890.14","891.61","894.58","884.88","294.02K","0.21%"
"2020-9-7","888.25","903.85","905.80","888.25","434.06K","-1.47%"
"2020-9-4","901.54","896.02","903.11","893.86","346.44K","-0.27%"
"2020-9-3","903.97","898.25","904.32","896.26","370.49K","1.37%"
"2020-9-1","891.73","882.40","892.51","880.79","317.00K","1.14%"
"2020-8-31","881.65","882.13","888.44","879.26","352.65K","0.30%"
"2020-8-28","878.98","878.79","885.86","877.70","398.32K","0.49%"
"2020-8-27","874.71","872.38","875.71","871.93","325.72K","0.14%"
"2020-8-26","873.47","873.62","876.97","871.78","352.38K","-0.07%"
"2020-8-25","874.12","870.92","877.57","870.92","399.07K","0.63%"
"2020-8-24","868.68","860.35","868.68","860.35","381.52K","1.63%"
"2020-8-21","854.78","849.99","856.45","849.69","286.82K","0.77%"
"2020-8-20","848.21","851.21","856.99","847.44","285.69K","-0.35%"
"2020-8-19","851.21","847.19","853.15","846.22","240.15K","0.56%"
"2020-8-18","846.43","850.15","851.06","845.00","227.51K","-0.44%"
"2020-8-17","850.15","848.08","852.05","841.62","237.51K","-0.07%"
"2020-8-14","850.74","854.29","860.32","848.38","304.71K","-0.50%"
"2020-8-13","855.05","849.96","855.19","849.86","256.25K","0.96%"
"2020-8-12","846.92","844.19","848.54","842.88","272.49K","0.46%"
"2020-8-11","843.08","847.61","847.61","840.35","249.00K","-0.01%"
"2020-8-10","843.20","845.11","849.52","843.20","309.30K","0.21%"
"2020-8-7","841.46","840.65","844.33","836.84","259.89K","0.17%"
"2020-8-6","840.04","838.01","844.16","833.56","257.02K","0.27%"
"2020-8-5","837.80","827.54","839.52","820.74","306.64K","1.24%"
"2020-8-4","827.57","822.86","827.57","820.20","277.45K","1.59%"
"2020-8-3","814.65","796.86","814.84","796.47","298.14K","2.04%"
"2020-7-31","798.39","787.78","803.55","786.98","249.63K","-0.34%"
"2020-7-30","801.13","796.22","802.97","794.88","188.95K","1.30%"
"2020-7-29","790.84","800.39","800.39","779.82","362.09K","-2.77%"
"2020-7-28","813.36","786.72","814.40","786.67","328.49K","3.59%"
"2020-7-27","785.17","794.14","808.74","780.64","422.71K","-5.31%"
"2020-7-24","829.16","854.23","854.57","816.65","505.10K","-3.22%"
"2020-7-23","856.75","854.92","857.22","851.97","240.50K","0.20%"
"2020-7-22","855.08","862.80","864.00","854.97","278.60K","-0.77%"
"2020-7-21","861.69","863.94","864.70","856.94","245.41K","0.03%"
"2020-7-20","861.40","870.66","871.64","861.40","285.08K","-1.22%"
"2020-7-17","872.02","873.48","875.07","871.89","270.68K","-0.55%"
"2020-7-16","876.83","871.81","876.83","869.25","243.47K","0.80%"
"2020-7-15","869.91","872.80","876.69","869.91","258.29K","0.21%"
"2020-7-14","868.11","865.01","868.11","860.28","239.14K","-0.07%"
"2020-7-13","868.72","874.85","876.83","866.99","246.07K","-0.29%"
"2020-7-10","871.21","873.70","878.53","867.59","291.11K","-0.60%"
"2020-7-9","876.46","867.66","878.36","867.45","306.08K","1.38%"
"2020-7-8","864.50","861.75","865.58","859.98","237.54K","0.13%"
"2020-7-7","863.42","865.46","870.63","863.42","330.90K","0.26%"
"2020-7-6","861.16","851.47","861.85","850.04","215.09K","1.60%"
"2020-7-3","847.61","845.26","848.16","843.25","203.00K","0.62%"
"2020-7-2","842.38","845.66","845.66","838.48","223.80K","-0.13%"
"2020-7-1","843.49","827.67","844.26","826.38","303.55K","2.23%"
"2020-6-30","825.11","836.72","840.31","821.92","358.39K","-0.51%"
"2020-6-29","829.36","846.26","846.53","826.00","389.64K","-2.65%"
"2020-6-26","851.98","859.07","862.59","850.66","300.39K","-0.31%"
"2020-6-25","854.59","851.09","856.23","849.65","312.30K","-0.60%"
"2020-6-24","859.71","868.20","873.13","857.58","370.92K","-0.98%"
"2020-6-23","868.20","871.12","873.20","864.02","455.36K","-0.35%"
"2020-6-22","871.28","871.56","872.94","867.37","350.37K","0.31%"
"2020-6-19","868.56","857.77","868.56","857.77","440.09K","1.55%"
"2020-6-18","855.27","850.92","858.03","847.49","280.31K","0.10%"
"2020-6-17","854.44","861.05","861.05","852.27","354.84K","-0.20%"
"2020-6-16","856.13","848.86","858.70","844.67","412.45K","2.84%"
"2020-6-15","832.47","867.52","868.16","832.47","708.24K","-3.60%"
"2020-6-12","863.52","841.85","863.52","841.44","620.77K","-0.44%"
"2020-6-11","867.37","900.48","903.70","867.37","707.46K","-3.63%"
"2020-6-10","900.00","898.78","902.69","890.30","542.87K","0.06%"
"2020-6-9","899.43","902.26","904.89","898.87","501.73K","-0.05%"
"2020-6-8","899.92","888.70","905.65","888.70","572.02K","1.55%"
"2020-6-5","886.22","883.40","886.59","878.50","499.61K","0.26%"
"2020-6-4","883.90","883.22","888.32","883.22","431.12K","0.31%"
"2020-6-3","881.17","876.73","881.17","874.01","351.96K","0.73%"
"2020-6-2","874.80","879.23","882.73","874.53","484.71K","-0.44%"
"2020-6-1","878.67","868.97","878.67","868.97","476.52K","1.64%"
"2020-5-29","864.47","861.59","866.95","859.26","318.19K","0.36%"
"2020-5-28","861.39","858.97","866.17","856.48","322.22K","0.46%"
"2020-5-27","857.48","869.13","875.35","857.48","388.90K","-1.34%"
"2020-5-26","869.13","861.47","869.65","860.22","328.35K","1.17%"
"2020-5-25","859.04","852.90","860.45","849.12","307.23K","0.74%"
"2020-5-22","852.74","859.29","860.65","852.08","303.98K","-1.16%"
"2020-5-21","862.73","854.93","862.73","854.04","331.91K","1.15%"
"2020-5-20","852.91","843.26","852.91","842.21","265.77K","0.83%"
"2020-5-19","845.92","852.14","854.25","844.15","385.27K","1.06%"
"2020-5-18","837.01","827.49","837.61","823.08","254.05K","1.21%"
"2020-5-15","827.03","835.42","838.47","824.59","301.89K","-0.65%"
"2020-5-14","832.40","830.97","836.19","826.17","341.12K","-0.22%"
"2020-5-13","834.21","835.32","839.59","815.13","374.60K","-0.13%"
"2020-5-12","835.32","827.29","835.95","819.66","322.21K","0.84%"
"2020-5-11","828.33","818.26","828.33","812.48","353.42K","1.79%"
"2020-5-8","813.73","800.32","825.72","800.20","371.34K","2.16%"
"2020-5-7","796.54","785.08","796.54","785.08","240.80K","1.78%"
"2020-5-6","782.59","767.30","782.59","765.37","272.45K","2.41%"
"2020-5-5","764.16","763.22","767.03","760.04","212.38K","0.22%"
"2020-5-4","762.47","766.14","769.73","761.64","285.57K","-0.86%"
"2020-4-29","769.11","768.59","772.62","768.19","250.08K","0.25%"
"2020-4-28","767.21","773.31","776.13","763.66","219.40K","-0.46%"
"2020-4-27","770.77","780.65","785.74","770.77","307.36K","-0.76%"
"2020-4-24","776.66","777.28","778.30","767.31","262.27K","0.36%"
"2020-4-23","773.91","768.92","785.60","768.92","205.80K","0.65%"
"2020-4-22","768.92","752.80","774.94","749.97","253.44K","0.27%"
"2020-4-21","766.84","794.97","794.97","761.96","397.40K","-3.54%"
"2020-4-20","794.97","796.17","797.49","786.73","336.05K","0.68%"
"2020-4-17","789.60","786.96","790.95","783.74","309.86K","1.14%"
"2020-4-16","780.70","773.11","781.06","770.91","250.94K","0.45%"
"2020-4-15","777.22","768.05","779.52","768.01","302.62K","1.28%"
"2020-4-14","767.41","769.01","769.53","753.85","266.78K","0.21%"
"2020-4-13","765.79","762.99","774.62","762.53","235.28K","1.04%"
"2020-4-10","757.94","759.08","764.36","751.59","338.40K","-0.31%"
"2020-4-9","760.33","751.08","765.87","751.08","298.47K","1.65%"
"2020-4-8","748.02","740.03","748.36","730.12","252.29K","0.18%"
"2020-4-7","746.69","744.97","749.13","730.28","292.97K","1.35%"
"2020-4-6","736.75","716.22","736.75","715.39","334.90K","4.98%"
"2020-4-3","701.80","687.92","701.80","687.92","233.09K","3.17%"
"2020-4-1","680.23","658.80","684.96","657.41","267.02K","2.67%"
"2020-3-31","662.53","669.74","678.64","649.10","262.79K","0.04%"
"2020-3-30","662.26","663.91","665.56","657.36","233.10K","-4.86%"
"2020-3-27","696.06","692.54","703.22","682.52","327.99K","0.27%"
"2020-3-26","694.21","689.00","700.76","680.10","221.85K","0.57%"
"2020-3-25","690.25","669.76","690.25","667.58","270.18K","4.71%"
"2020-3-24","659.21","666.59","666.59","652.27","245.15K","-1.11%"
"2020-3-23","666.59","694.77","694.77","664.23","280.25K","-6.08%"
"2020-3-20","709.73","728.55","729.35","709.73","230.59K","-2.23%"
"2020-3-19","725.94","732.35","733.43","714.02","353.39K","-2.91%"
"2020-3-18","747.66","747.40","752.65","742.12","259.02K","0.25%"
"2020-3-17","745.78","724.07","750.03","721.84","287.28K","-0.28%"
"2020-3-16","747.86","758.28","758.59","737.58","292.25K","-1.83%"
"2020-3-13","761.78","750.56","764.69","723.42","354.71K","-0.97%"
"2020-3-12","769.25","778.06","778.06","762.12","339.23K","-5.19%"
"2020-3-11","811.35","843.52","844.94","794.54","318.57K","-3.12%"
"2020-3-10","837.50","813.83","843.28","806.63","298.02K","0.24%"
"2020-3-9","835.49","875.80","875.80","834.67","309.10K","-6.28%"
"2020-3-6","891.44","888.96","891.44","882.71","214.34K","-0.21%"
"2020-3-5","893.31","892.71","898.43","891.20","231.34K","0.44%"
"2020-3-4","889.37","887.85","889.85","882.83","238.45K","-0.14%"
"2020-3-3","890.61","895.39","896.39","890.06","212.74K","0.70%"
"2020-3-2","884.43","878.43","886.45","877.31","206.64K","0.25%"
"2020-2-28","882.19","885.47","887.07","872.46","241.89K","-1.81%"
"2020-2-27","898.44","892.15","899.34","889.14","163.29K","0.28%"
"2020-2-26","895.97","901.51","903.27","894.25","142.58K","-1.51%"
"2020-2-25","909.67","893.95","909.67","893.95","221.12K","0.70%"
"2020-2-24","903.34","917.49","917.49","903.34","291.88K","-3.19%"
"2020-2-21","933.09","938.13","940.53","932.32","206.75K","-0.54%"
"2020-2-20","938.13","933.69","938.13","930.41","198.34K","1.01%"
"2020-2-19","928.76","926.41","931.66","925.86","192.17K","0.09%"
"2020-2-18","927.93","934.47","934.98","926.01","187.76K","-0.73%"
"2020-2-17","934.77","938.52","938.52","931.66","183.25K","-0.29%"
"2020-2-14","937.45","939.28","940.65","936.47","204.35K","-0.08%"
"2020-2-13","938.24","937.19","939.10","934.47","177.73K","0.06%"
"2020-2-12","937.68","940.72","943.11","937.34","228.04K","0.32%"
"2020-2-11","934.67","930.73","936.04","930.73","179.35K","0.42%"
"2020-2-10","930.73","934.38","935.87","926.61","153.97K","-1.07%"
"2020-2-7","940.75","938.61","943.48","935.94","194.17K","0.24%"
"2020-2-6","938.54","926.66","938.54","925.21","223.67K","1.36%"
"2020-2-5","925.91","934.75","936.33","921.89","197.38K","-0.34%"
"2020-2-4","929.09","929.42","934.91","919.33","197.69K","0.10%"
"2020-2-3","928.14","916.60","930.37","891.85","275.52K","-0.91%"
"2020-1-31","936.62","959.58","960.96","936.62","253.95K","-2.39%"
"2020-1-30","959.58","975.15","977.72","954.00","198.51K","-3.22%"
"2020-1-22","991.46","986.52","991.46","983.92","152.35K","0.52%"
"2020-1-21","986.37","978.82","986.37","978.82","157.67K","0.79%"
"2020-1-20","978.63","978.23","979.85","975.93","148.80K","-0.03%"
"2020-1-17","978.96","976.28","980.02","973.79","164.14K","0.48%"
"2020-1-16","974.31","967.20","974.70","967.17","201.25K","0.70%"
"2020-1-15","967.56","967.69","967.69","964.84","150.04K","0.06%"
"2020-1-14","967.00","966.26","968.85","965.76","190.35K","0.12%"
"2020-1-13","965.84","966.89","968.63","964.79","147.15K","-0.28%"
"2020-1-10","968.54","961.17","969.71","961.17","222.16K","0.87%"
"2020-1-9","960.15","953.86","960.73","952.16","166.15K","1.18%"
"2020-1-8","948.98","954.13","955.84","945.28","319.17K","-1.03%"
"2020-1-7","958.88","955.79","959.46","953.19","181.63K","0.32%"
"2020-1-6","955.79","962.79","963.20","955.59","187.20K","-0.97%"
"2020-1-3","965.14","968.72","970.88","965.14","174.13K","-0.16%"
"2020-1-2","966.67","960.26","966.67","959.67","200.60K","0.59%"
"2019-12-31","960.99","965.71","965.71","958.22","185.24K","-0.42%"
"2019-12-30","965.03","962.89","967.52","962.47","177.74K","0.16%"
"2019-12-27","963.51","957.70","963.51","954.19","180.52K","0.51%"
"2019-12-26","958.59","960.67","962.11","957.43","265.94K","-0.24%"
"2019-12-25","960.92","958.18","962.83","957.50","238.32K","0.21%"
"2019-12-24","958.88","959.43","959.43","953.29","229.67K","-0.06%"
"2019-12-23","959.43","959.55","960.71","958.07","241.52K","0.32%"
"2019-12-20","956.41","953.55","957.52","952.71","243.33K","0.44%"
"2019-12-19","952.26","950.61","955.85","946.74","222.47K","0.12%"
"2019-12-18","951.13","951.52","954.18","949.86","323.41K","-0.30%"
"2019-12-17","954.03","962.49","962.79","954.03","280.85K","-0.77%"
"2019-12-16","961.47","966.00","966.00","960.39","278.44K","-0.49%"
"2019-12-13","966.18","969.43","971.84","965.93","219.16K","-0.21%"
"2019-12-12","968.17","963.39","968.39","962.72","218.75K","0.66%"
"2019-12-11","961.78","960.59","961.78","954.56","216.48K","0.15%"
"2019-12-10","960.30","965.92","966.58","955.14","242.73K","-0.60%"
"2019-12-9","966.06","963.91","967.57","962.59","273.26K","0.26%"
"2019-12-6","963.56","962.38","965.41","960.99","171.82K","0.03%"
"2019-12-5","963.27","969.00","969.53","962.16","194.54K","-0.27%"
"2019-12-4","965.90","952.51","965.90","950.13","210.10K","1.31%"
"2019-12-3","953.43","957.40","960.82","950.96","264.94K","-0.61%"
"2019-12-2","959.31","971.42","972.91","958.30","211.00K","-1.18%"
"2019-11-29","970.75","971.10","972.89","968.03","167.27K","0.04%"
"2019-11-28","970.39","977.66","979.17","967.68","191.26K","-0.80%"
"2019-11-27","978.17","978.98","982.76","978.17","197.96K","0.14%"
"2019-11-26","976.79","976.35","981.96","976.35","192.50K","0.05%"
"2019-11-25","976.35","977.85","979.60","971.24","189.32K","-0.15%"
"2019-11-22","977.78","992.73","993.70","971.03","230.36K","-1.02%"
"2019-11-21","987.89","999.37","999.63","987.89","215.01K","-1.27%"
"2019-11-20","1,000.56","1,009.21","1,009.21","1,000.56","210.31K","-0.77%"
"2019-11-19","1,008.35","1,002.89","1,008.35","1,001.35","232.36K","0.54%"
"2019-11-18","1,002.91","1,010.03","1,012.09","1,002.63","184.31K","-0.70%"
"2019-11-15","1,010.03","1,012.93","1,015.16","1,005.10","212.33K","-0.22%"
"2019-11-14","1,012.30","1,013.85","1,016.71","1,010.60","209.40K","-0.05%"
"2019-11-13","1,012.77","1,019.07","1,020.09","1,010.80","286.97K","-0.55%"
"2019-11-12","1,018.33","1,016.97","1,021.84","1,015.97","223.16K","0.16%"
"2019-11-11","1,016.75","1,023.32","1,024.77","1,016.35","210.43K","-0.56%"
"2019-11-8","1,022.49","1,026.98","1,027.39","1,021.11","181.37K","-0.15%"
"2019-11-7","1,024.03","1,023.49","1,028.45","1,022.61","193.39K","-0.09%"
"2019-11-6","1,024.91","1,023.43","1,028.97","1,023.42","225.00K","0.06%"
"2019-11-5","1,024.34","1,022.77","1,026.53","1,021.63","199.37K","0.19%"
"2019-11-4","1,022.43","1,019.00","1,023.92","1,015.86","232.79K","0.67%"
"2019-11-1","1,015.59","998.82","1,015.88","998.82","241.34K","1.68%"
"2019-10-31","998.82","1,000.89","1,004.40","998.58","218.98K","-0.21%"
"2019-10-30","1,000.89","996.83","1,003.40","994.86","181.19K","0.50%"
"2019-10-29","995.87","997.77","999.88","995.87","249.48K","-0.06%"
"2019-10-28","996.48","998.27","999.94","996.48","183.76K","-0.01%"
"2019-10-25","996.57","993.91","996.67","992.91","173.49K","0.30%"
"2019-10-24","993.60","988.85","993.60","987.65","160.03K","0.59%"
"2019-10-23","987.79","987.04","989.61","985.52","179.02K","0.06%"
"2019-10-22","987.19","983.52","987.59","983.52","231.65K","0.37%"
"2019-10-21","983.56","988.18","988.82","983.56","200.33K","-0.57%"
"2019-10-18","989.20","992.00","993.03","988.41","174.42K","-0.06%"
"2019-10-17","989.82","995.04","995.81","989.82","191.55K","-0.47%"
"2019-10-16","994.46","995.75","997.41","993.42","188.13K","0.14%"
"2019-10-15","993.05","993.55","994.75","990.74","179.97K","-0.05%"
"2019-10-14","993.57","994.61","997.25","992.50","193.98K","0.17%"
"2019-10-11","991.84","988.57","991.84","987.62","168.61K","0.45%"
"2019-10-10","987.38","988.81","990.89","986.93","182.98K","-0.05%"
"2019-10-9","987.83","987.82","992.00","986.74","182.54K","-0.04%"
"2019-10-8","988.22","983.62","988.51","981.89","178.38K","0.52%"
"2019-10-7","983.09","989.45","990.34","983.09","178.90K","-0.46%"
"2019-10-4","987.59","993.69","994.81","987.59","205.01K","-0.21%"
"2019-10-3","989.67","985.65","992.45","983.35","140.12K","-0.15%"
"2019-10-2","991.19","999.18","1,000.93","989.63","178.78K","-0.84%"
"2019-10-1","999.59","997.87","999.72","996.20","210.25K","0.30%"
"2019-9-30","996.56","999.92","1,004.17","996.51","176.22K","-0.13%"
"2019-9-27","997.84","992.26","998.34","991.50","180.74K","0.72%"
"2019-9-26","990.75","988.70","991.66","986.35","152.56K","0.35%"
"2019-9-25","987.30","985.96","989.18","983.06","171.57K","-0.08%"
"2019-9-24","988.13","986.33","991.36","984.94","165.04K","0.24%"
"2019-9-23","985.75","991.75","993.98","985.75","207.51K","-0.47%"
"2019-9-20","990.36","997.60","998.56","990.36","203.60K","-0.68%"
"2019-9-19","997.10","995.49","997.20","990.55","186.92K","0.20%"
"2019-9-18","995.15","995.75","998.40","993.94","191.04K","-0.16%"
"2019-9-17","996.74","990.06","996.74","986.96","231.44K","0.70%"
"2019-9-16","989.86","987.07","992.60","986.72","187.15K","0.27%"
"2019-9-13","987.22","976.07","987.22","975.95","189.23K","1.14%"
"2019-9-12","976.07","972.39","976.07","972.31","141.32K","0.70%"
"2019-9-11","969.31","969.59","973.13","967.14","154.51K","-0.10%"
"2019-9-10","970.26","974.62","977.44","968.36","161.45K","-0.40%"
"2019-9-9","974.12","974.53","975.03","972.47","155.33K","0.00%"
"2019-9-6","974.08","977.83","978.73","973.87","161.16K","-0.28%"
"2019-9-5","976.79","979.83","981.67","976.79","159.54K","-0.09%"
"2019-9-4","977.63","977.97","979.91","973.37","157.39K","-0.18%"
"2019-9-3","979.36","984.79","985.21","978.62","186.48K","-0.48%"
"2019-8-30","984.06","980.25","984.87","980.25","143.16K","0.56%"
"2019-8-29","978.59","978.17","978.78","973.34","138.39K","0.14%"
"2019-8-28","977.26","977.10","981.35","977.10","147.21K","0.05%"
"2019-8-27","976.79","986.33","988.49","976.79","199.81K","-0.62%"
"2019-8-26","982.88","983.80","984.61","977.00","189.79K","-0.96%"
"2019-8-23","992.45","998.21","998.21","990.83","162.57K","-0.48%"
"2019-8-22","997.26","996.41","998.67","993.23","153.00K","0.29%"
"2019-8-21","994.38","984.36","995.44","983.30","201.56K","0.99%"
"2019-8-20","984.67","983.94","985.35","981.75","177.94K","0.37%"
"2019-8-19","981.03","984.04","985.48","979.17","158.09K","0.11%"
"2019-8-16","980.00","974.88","985.61","974.88","198.01K","0.06%"
"2019-8-15","979.38","958.05","979.38","955.76","182.91K","1.08%"
"2019-8-14","968.91","975.88","975.99","968.91","151.49K","0.22%"
"2019-8-13","966.83","972.70","973.09","964.03","181.50K","-0.87%"
"2019-8-12","975.31","975.38","977.63","973.22","174.55K","0.10%"
"2019-8-9","974.34","976.41","978.69","974.33","192.31K","-0.09%"
"2019-8-8","975.24","965.93","975.83","964.21","219.24K","0.96%"
"2019-8-7","965.93","967.18","971.96","961.64","219.15K","0.14%"
"2019-8-6","964.61","960.29","966.15","958.39","210.93K","-0.88%"
"2019-8-5","973.15","988.60","988.99","973.15","195.93K","-1.81%"
"2019-8-2","991.10","987.55","991.39","985.69","186.79K","-0.63%"
"2019-8-1","997.39","993.25","997.39","990.88","222.66K","0.58%"
"2019-7-31","991.66","986.00","993.40","982.64","172.88K","0.57%"
"2019-7-30","986.02","1,001.46","1,002.77","986.02","154.32K","-1.19%"
"2019-7-29","997.94","994.23","997.94","988.29","147.83K","0.46%"
"2019-7-26","993.35","994.80","998.52","992.97","152.41K","-0.16%"
"2019-7-25","994.95","986.85","997.49","986.85","171.79K","0.66%"
"2019-7-24","988.41","993.01","994.85","986.34","169.64K","-0.11%"
"2019-7-23","989.46","981.38","990.45","980.22","184.83K","0.76%"
"2019-7-22","982.04","981.17","985.13","980.08","164.37K","-0.03%"
"2019-7-19","982.34","978.12","986.12","978.12","170.27K","0.64%"
"2019-7-18","976.05","979.16","979.49","975.01","139.85K","-0.66%"
"2019-7-17","982.57","981.49","985.59","979.05","170.02K","0.05%"
"2019-7-16","982.11","975.05","982.11","975.05","174.67K","0.99%"
"2019-7-15","972.53","975.57","975.66","970.93","150.55K","-0.29%"
"2019-7-12","975.40","980.11","982.10","974.32","157.31K","-0.33%"
"2019-7-11","978.63","976.95","980.02","975.03","161.66K","0.51%"
"2019-7-10","973.65","971.19","974.96","971.19","154.56K","0.47%"
"2019-7-9","969.05","965.24","969.05","963.05","169.48K","0.28%"
"2019-7-8","966.35","972.83","972.83","963.84","165.88K","-0.92%"
"2019-7-5","975.34","973.04","975.34","970.16","137.92K","0.24%"
"2019-7-4","973.04","961.78","973.04","961.65","189.90K","1.32%"
"2019-7-3","960.39","960.44","961.67","956.91","136.59K","-0.17%"
"2019-7-2","961.98","964.77","966.76","959.80","138.22K","-0.38%"
"2019-7-1","965.61","958.92","965.61","957.66","166.45K","1.65%"
"2019-6-28","949.94","944.53","949.94","939.12","182.63K","0.72%"
"2019-6-27","943.11","959.48","959.48","943.11","159.03K","-1.67%"
"2019-6-26","959.13","960.13","962.70","958.38","252.32K","-0.10%"
"2019-6-25","960.13","961.19","963.23","960.06","164.35K","-0.28%"
"2019-6-24","962.85","960.29","967.11","959.80","150.30K","0.38%"
"2019-6-21","959.20","962.69","964.52","959.12","206.14K","0.00%"
"2019-6-20","959.18","949.48","962.33","948.97","185.49K","1.00%"
"2019-6-19","949.69","948.92","950.04","946.83","147.36K","0.60%"
"2019-6-18","944.01","945.73","947.30","938.95","166.94K","-0.31%"
"2019-6-17","946.95","953.97","955.18","944.47","174.37K","-0.70%"
"2019-6-14","953.61","948.65","954.70","948.65","155.88K","0.37%"
"2019-6-13","950.08","951.26","952.06","946.29","142.81K","-0.43%"
"2019-6-12","954.17","960.60","960.60","953.83","138.11K","-0.82%"
"2019-6-11","962.07","962.43","964.81","959.98","136.38K","-0.09%"
"2019-6-10","962.90","963.78","966.90","958.60","154.90K","0.48%"
"2019-6-7","958.28","951.64","958.28","950.94","148.04K","1.06%"
"2019-6-6","948.21","951.41","951.41","939.35","125.90K","-0.34%"
"2019-6-5","951.41","955.80","958.39","951.39","131.58K","0.03%"
"2019-6-4","951.16","945.62","951.42","943.21","162.40K","0.50%"
"2019-6-3","946.47","953.58","955.78","940.28","184.66K","-1.40%"
"2019-5-31","959.88","968.53","969.94","959.88","136.53K","-0.98%"
"2019-5-30","969.34","971.01","974.56","967.21","159.99K","-0.23%"
"2019-5-29","971.54","973.31","974.96","969.55","145.31K","-0.05%"
"2019-5-28","972.00","977.02","978.80","969.51","148.99K","-0.32%"
"2019-5-27","975.14","970.73","975.40","970.41","138.47K","0.53%"
"2019-5-24","970.03","976.59","983.14","970.03","168.34K","-1.29%"
"2019-5-23","982.71","982.00","984.57","977.17","160.09K","-0.11%"
"2019-5-22","983.78","986.66","992.26","982.68","174.96K","-0.25%"
"2019-5-21","986.29","989.67","992.84","986.07","206.56K","-0.09%"
"2019-5-20","987.13","975.95","987.13","974.47","153.16K","1.09%"
"2019-5-17","976.48","977.85","980.04","974.91","135.09K","0.08%"
"2019-5-16","975.69","976.96","981.22","975.69","170.22K","0.01%"
"2019-5-15","975.64","967.95","977.65","967.95","188.85K","1.07%"
"2019-5-14","965.34","952.13","965.34","952.13","158.18K","0.71%"
"2019-5-13","958.54","952.11","958.54","951.76","232.04K","0.63%"
"2019-5-10","952.55","950.37","953.92","947.85","131.03K","0.58%"
"2019-5-9","947.01","950.66","953.66","944.91","181.40K","-0.44%"
"2019-5-8","951.22","950.10","953.88","947.86","143.30K","-0.66%"
"2019-5-7","957.56","961.31","965.61","955.42","145.34K","-0.04%"
"2019-5-6","957.97","964.37","964.89","955.41","155.65K","-1.66%"
"2019-5-3","974.14","976.77","977.13","971.75","148.57K","-0.45%"
"2019-5-2","978.50","978.81","979.93","975.51","152.16K","-0.12%"
"2019-4-26","979.64","972.86","979.64","970.73","118.54K","0.57%"
"2019-4-25","974.13","976.46","976.46","971.92","149.12K","-0.29%"
"2019-4-24","976.92","969.66","978.71","969.66","134.07K","0.92%"
"2019-4-23","968.00","964.84","970.98","964.35","154.89K","0.22%"
"2019-4-22","965.86","963.78","966.69","959.33","216.34K","-0.04%"
"2019-4-19","966.21","968.27","971.73","965.46","106.98K","0.41%"
"2019-4-18","962.30","969.50","973.73","962.05","160.39K","-1.01%"
"2019-4-17","972.10","977.17","980.71","972.10","186.72K","-0.52%"
"2019-4-16","977.17","970.87","978.53","963.06","150.02K","-0.58%"
"2019-4-12","982.90","984.66","984.69","980.26","153.83K","-0.31%"
"2019-4-11","985.95","984.46","985.95","981.06","129.48K","0.41%"
"2019-4-10","981.91","984.79","987.27","976.83","159.91K","-0.66%"
"2019-4-9","988.48","999.89","1,000.02","987.82","165.18K","-0.91%"
"2019-4-8","997.56","989.26","997.56","989.26","163.69K","0.84%"
"2019-4-5","989.26","986.91","990.38","986.39","189.29K","0.24%"
"2019-4-4","986.91","987.47","989.08","982.94","165.31K","0.25%"
"2019-4-3","984.46","984.74","985.26","980.30","216.94K","-0.14%"
"2019-4-2","985.81","994.87","996.41","985.48","236.02K","-0.28%"
"2019-4-1","988.53","980.76","988.53","980.76","188.62K","0.79%"
"2019-3-29","980.76","985.35","988.24","980.76","173.91K","-0.23%"
"2019-3-28","982.98","973.44","983.18","972.60","217.07K","0.72%"
"2019-3-27","975.91","976.67","979.32","972.25","159.94K","0.63%"
"2019-3-26","969.79","970.07","978.99","966.90","175.42K","-0.03%"
"2019-3-25","970.07","976.53","976.53","964.76","245.78K","-1.89%"
"2019-3-22","988.71","984.90","990.07","981.30","206.93K","0.71%"
"2019-3-21","981.78","1,005.12","1,006.37","981.78","200.03K","-2.05%"
"2019-3-20","1,002.30","1,002.86","1,003.25","992.02","300.09K","-0.43%"
"2019-3-19","1,006.59","1,013.75","1,014.51","1,004.22","236.59K","-0.52%"
"2019-3-18","1,011.86","1,004.12","1,013.29","1,004.12","230.55K","0.77%"
"2019-3-15","1,004.12","1,008.44","1,008.44","1,001.10","250.28K","-0.43%"
"2019-3-14","1,008.44","1,006.37","1,011.39","1,002.09","224.54K","0.30%"
"2019-3-13","1,005.41","1,003.75","1,009.77","1,003.01","229.38K","0.41%"
"2019-3-12","1,001.32","991.14","1,001.32","990.46","208.19K","1.70%"
"2019-3-11","984.60","982.94","987.11","981.34","178.66K","-0.07%"
"2019-3-8","985.25","987.89","991.98","984.48","202.51K","-0.88%"
"2019-3-7","994.03","995.65","1,004.55","994.03","210.70K","-0.05%"
"2019-3-6","994.49","993.01","994.49","985.51","250.93K","0.21%"
"2019-3-5","992.45","990.08","1,000.25","987.92","297.44K","-0.15%"
"2019-3-4","993.99","983.50","994.46","983.33","235.64K","1.47%"
"2019-3-1","979.63","971.05","980.82","970.54","170.04K","1.47%"
"2019-2-28","965.47","989.84","990.25","965.47","224.81K","-2.50%"
"2019-2-27","990.27","989.61","994.46","988.09","258.93K","0.33%"
"2019-2-26","987.06","991.63","996.44","979.24","251.65K","-0.74%"
"2019-2-25","994.43","996.06","999.90","992.72","227.74K","0.56%"
"2019-2-22","988.91","983.99","993.16","982.86","215.63K","0.14%"
"2019-2-21","987.57","972.82","987.57","970.31","178.58K","1.75%"
"2019-2-20","970.58","963.29","972.75","963.29","170.88K","0.65%"
"2019-2-19","964.35","962.84","971.92","962.81","231.96K","0.32%"
"2019-2-18","961.30","954.85","961.30","953.32","194.65K","1.09%"
"2019-2-15","950.89","951.90","955.40","948.26","160.69K","-0.15%"
"2019-2-14","952.34","946.54","953.66","945.99","181.06K","0.75%"
"2019-2-13","945.25","937.61","945.25","937.34","215.28K","0.82%"
"2019-2-12","937.54","930.37","938.64","926.98","188.42K","1.24%"
"2019-2-11","926.10","916.21","926.10","916.07","124.64K","1.92%"
"2019-2-1","908.67","911.98","912.81","907.52","140.80K","-0.22%"
"2019-1-31","910.65","919.12","920.36","910.38","138.05K","-0.57%"
"2019-1-30","915.84","914.08","917.80","913.48","139.40K","-0.01%"
"2019-1-29","915.93","913.67","915.93","907.09","121.44K","0.41%"
"2019-1-28","912.18","912.53","913.43","908.90","133.32K","0.36%"
"2019-1-25","908.88","908.86","911.59","907.96","117.59K","0.01%"
"2019-1-24","908.79","908.56","910.59","906.59","110.29K","0.07%"
"2019-1-23","908.18","905.73","910.12","905.12","129.14K","0.18%"
"2019-1-22","906.55","912.73","913.37","906.55","152.16K","-0.49%"
"2019-1-21","911.05","905.25","911.74","903.09","165.63K","0.97%"
"2019-1-18","902.30","902.70","906.35","900.64","140.75K","0.05%"
"2019-1-17","901.89","908.48","909.06","901.89","133.89K","-0.75%"
"2019-1-16","908.70","911.32","912.48","906.39","164.29K","-0.11%"
"2019-1-15","909.68","901.21","909.68","898.92","127.19K","0.87%"
"2019-1-14","901.80","903.83","903.83","897.18","143.85K","-0.10%"
"2019-1-11","902.71","899.10","904.37","899.10","131.41K","0.49%"
"2019-1-10","898.30","897.85","899.47","895.17","130.59K","0.15%"
"2019-1-9","896.99","890.26","897.25","888.61","160.51K","1.08%"
"2019-1-8","887.44","891.37","891.87","883.67","112.83K","-0.25%"
"2019-1-7","889.64","890.47","896.63","885.30","127.55K","0.99%"
"2019-1-4","880.90","872.69","881.48","861.85","136.57K","0.31%"
"2019-1-3","878.22","889.78","892.21","872.12","156.58K","-1.52%"
"2019-1-2","891.75","900.10","900.10","891.10","111.52K","-0.09%"
"2018-12-28","892.54","903.79","903.79","892.54","175.94K","-0.92%"
"2018-12-27","900.81","904.80","906.63","900.81","151.69K","1.02%"
"2018-12-26","891.75","896.63","899.49","890.86","139.07K","-0.69%"
"2018-12-25","897.94","893.71","897.94","882.17","250.43K","-1.17%"
"2018-12-24","908.56","910.86","916.41","908.56","158.97K","-0.41%"
"2018-12-21","912.26","911.57","915.02","907.88","199.11K","-0.65%"
"2018-12-20","918.24","915.50","921.79","914.18","146.89K","-0.11%"
"2018-12-19","919.24","926.35","927.03","914.55","186.09K","-0.86%"
"2018-12-18","927.25","933.65","933.65","917.03","175.72K","-0.69%"
"2018-12-17","933.65","948.09","948.09","933.65","255.17K","-1.93%"
"2018-12-14","952.04","958.78","960.09","951.04","200.32K","-0.85%"
"2018-12-13","960.25","961.28","966.83","960.10","171.86K","-0.11%"
"2018-12-12","961.28","956.32","961.28","956.00","222.07K","0.70%"
"2018-12-11","954.58","955.93","957.97","949.34","180.82K","-0.14%"
"2018-12-10","955.89","955.06","958.25","951.50","213.52K","-0.28%"
"2018-12-7","958.59","956.49","962.39","955.96","190.46K","0.39%"
"2018-12-6","954.82","957.14","959.59","948.44","179.14K","-0.24%"
"2018-12-5","957.14","950.34","960.87","946.97","212.46K","-0.18%"
"2018-12-4","958.84","952.97","960.44","950.89","227.42K","0.76%"
"2018-12-3","951.59","937.70","951.59","937.10","209.83K","2.70%"
"2018-11-30","926.54","924.49","928.92","921.08","158.59K","-0.03%"
"2018-11-29","926.79","934.88","937.75","926.79","131.82K","-0.37%"
"2018-11-28","930.20","923.12","930.20","922.03","136.36K","0.77%"
"2018-11-27","923.12","925.12","930.37","921.26","152.64K","0.23%"
"2018-11-26","921.03","915.67","921.96","914.43","118.73K","0.33%"
"2018-11-23","917.97","923.91","925.84","916.87","137.97K","-0.70%"
"2018-11-22","924.42","924.93","926.15","922.02","155.62K","0.20%"
"2018-11-21","922.56","909.83","922.56","907.47","152.76K","0.39%"
"2018-11-20","919.02","909.76","919.02","909.76","159.14K","0.32%"
"2018-11-19","916.06","902.65","916.06","900.61","149.94K","1.99%"
"2018-11-16","898.19","901.44","903.21","894.14","160.63K","0.12%"
"2018-11-15","897.15","901.13","903.83","892.50","166.09K","-0.42%"
"2018-11-14","900.93","904.16","910.58","898.83","142.27K","-0.49%"
"2018-11-13","905.38","904.35","910.20","903.48","170.03K","-1.39%"
"2018-11-12","918.12","909.36","918.99","903.95","125.02K","0.42%"
"2018-11-9","914.29","921.11","925.31","914.29","149.09K","-1.29%"
"2018-11-8","926.28","928.69","932.86","925.54","145.78K","0.45%"
"2018-11-7","922.16","922.03","924.60","915.41","143.11K","0.01%"
"2018-11-6","922.05","931.00","931.27","921.93","139.12K","-0.38%"
"2018-11-5","925.53","920.87","925.53","915.77","136.55K","0.07%"
"2018-11-2","924.86","911.35","927.62","910.40","222.36K","1.86%"
"2018-11-1","907.96","915.52","918.84","905.73","182.19K","-0.74%"
"2018-10-31","914.76","894.23","914.76","894.23","216.19K","2.93%"
"2018-10-30","888.69","881.32","894.80","880.85","133.32K","-0.01%"
"2018-10-29","888.82","895.05","897.84","884.92","139.99K","-1.33%"
"2018-10-26","900.82","918.11","918.16","900.82","157.34K","-1.03%"
"2018-10-25","910.17","902.59","912.07","885.34","177.77K","-1.36%"
"2018-10-24","922.73","935.25","939.06","922.73","149.35K","-1.80%"
"2018-10-23","939.68","950.12","950.42","925.29","202.94K","-1.45%"
"2018-10-22","953.51","958.36","963.79","953.51","147.53K","-0.51%"
"2018-10-19","958.36","949.94","959.63","945.83","153.57K","-0.53%"
"2018-10-18","963.47","968.93","970.75","962.68","145.46K","-0.84%"
"2018-10-17","971.60","973.14","975.27","969.06","152.27K","0.85%"
"2018-10-16","963.37","950.36","963.69","950.36","149.13K","1.23%"
"2018-10-15","951.64","968.80","969.36","951.64","144.31K","-1.90%"
"2018-10-12","970.08","939.20","970.08","933.35","228.89K","2.56%"
"2018-10-11","945.89","972.21","972.21","938.83","353.53K","-4.84%"
"2018-10-10","993.96","998.66","999.62","991.22","191.36K","-0.22%"
"2018-10-9","996.19","998.70","1,001.87","996.19","202.59K","0.01%"
"2018-10-8","996.12","1,003.31","1,006.13","996.12","205.52K","-1.22%"
"2018-10-5","1,008.39","1,020.21","1,020.77","1,008.39","294.15K","-1.49%"
"2018-10-4","1,023.62","1,024.68","1,024.68","1,020.40","196.62K","0.32%"
"2018-10-3","1,020.40","1,021.08","1,024.59","1,016.47","174.39K","0.16%"
"2018-10-2","1,018.79","1,014.26","1,021.51","1,013.11","358.39K","0.58%"
"2018-10-1","1,012.88","1,019.49","1,023.87","1,012.88","247.86K","-0.42%"
"2018-9-28","1,017.13","1,019.34","1,020.84","1,015.40","247.22K","0.17%"
"2018-9-27","1,015.37","1,012.57","1,017.78","1,010.49","207.78K","0.57%"
"2018-9-26","1,009.61","1,008.93","1,014.86","1,007.44","261.51K","-0.11%"
"2018-9-25","1,010.74","1,011.94","1,014.53","1,008.67","231.99K","-0.05%"
"2018-9-24","1,011.29","1,007.52","1,011.29","1,007.45","186.72K","0.83%"
"2018-9-21","1,002.97","1,006.25","1,009.10","1,000.39","302.45K","-0.18%"
"2018-9-20","1,004.74","995.54","1,004.74","995.54","204.56K","0.92%"
"2018-9-19","995.54","998.65","1,001.83","994.50","244.42K","0.21%"
"2018-9-18","993.49","983.43","993.49","981.89","197.39K","0.60%"
"2018-9-17","987.61","990.65","993.83","987.02","164.61K","-0.38%"
"2018-9-14","991.34","987.95","995.55","987.95","178.48K","0.34%"
"2018-9-13","987.95","987.48","992.96","984.92","172.90K","0.10%"
"2018-9-12","987.01","990.00","994.83","987.01","184.15K","0.20%"
"2018-9-11","985.06","968.41","985.06","967.92","192.82K","1.52%"
"2018-9-10","970.34","969.74","974.59","968.19","190.67K","0.15%"
"2018-9-7","968.90","955.50","969.34","955.50","169.77K","1.12%"
"2018-9-6","958.19","968.37","970.84","957.99","160.38K","-1.06%"
"2018-9-5","968.44","975.05","978.78","964.80","181.15K","-0.77%"
"2018-9-4","975.94","990.79","992.18","975.94","185.94K","-1.37%"
"2018-8-31","989.54","998.55","1,003.06","989.54","186.55K","-0.85%"
"2018-8-30","998.07","987.62","998.07","983.43","186.70K","1.00%"
"2018-8-29","988.17","995.05","995.05","987.47","176.89K","-0.71%"
"2018-8-28","995.19","991.92","995.29","989.81","176.27K","0.33%"
"2018-8-27","991.92","990.19","994.54","990.03","189.51K","0.49%"
"2018-8-24","987.05","985.49","989.21","982.88","180.07K","-0.03%"
"2018-8-23","987.36","984.12","989.45","982.48","146.85K","0.53%"
"2018-8-22","982.15","979.21","986.36","979.21","204.11K","0.30%"
"2018-8-21","979.21","968.46","979.21","968.45","200.58K","0.99%"
"2018-8-20","969.62","970.81","973.57","966.46","180.83K","0.08%"
"2018-8-17","968.88","971.40","975.52","968.88","151.07K","0.48%"
"2018-8-16","964.28","952.83","964.28","947.09","174.03K","0.30%"
"2018-8-15","961.37","980.45","982.00","961.37","188.94K","-1.73%"
"2018-8-14","978.27","979.66","981.42","974.47","177.30K","0.02%"
"2018-8-13","978.04","966.46","978.04","963.41","213.22K","0.99%"
"2018-8-10","968.47","962.03","968.47","955.04","185.25K","0.52%"
"2018-8-9","963.50","968.57","972.52","963.50","167.64K","-0.29%"
"2018-8-8","966.27","958.31","966.27","958.31","155.17K","0.99%"
"2018-8-7","956.79","957.70","962.02","953.71","162.14K","-0.36%"
"2018-8-6","960.23","960.12","962.99","955.42","229.66K","0.07%"
"2018-8-3","959.60","957.92","966.10","955.13","197.53K","0.63%"
"2018-8-2","953.55","952.75","953.55","942.39","212.46K","0.08%"
"2018-8-1","952.77","957.35","960.05","949.89","202.12K","-0.38%"
"2018-7-31","956.39","948.56","959.07","947.32","242.40K","0.70%"
"2018-7-30","949.73","940.76","949.73","937.69","193.34K","1.52%"
"2018-7-27","935.52","931.90","937.23","928.82","179.26K","0.58%"
"2018-7-26","930.16","928.96","930.32","920.99","195.48K","0.28%"
"2018-7-25","927.58","936.57","938.33","927.58","232.72K","-0.70%"
"2018-7-24","934.08","933.22","939.07","926.30","203.90K","-0.28%"
"2018-7-23","936.74","931.52","949.14","930.25","208.56K","0.36%"
"2018-7-20","933.39","938.83","941.94","930.26","204.00K","-1.12%"
"2018-7-19","943.97","942.39","947.07","939.58","199.21K","0.17%"
"2018-7-18","942.39","926.14","942.39","926.14","223.94K","2.29%"
"2018-7-17","921.27","905.32","921.27","902.02","155.86K","1.12%"
"2018-7-16","911.11","914.22","917.63","905.27","136.24K","0.15%"
"2018-7-13","909.72","904.80","912.53","899.94","140.42K","1.25%"
"2018-7-12","898.51","891.21","905.72","884.75","113.78K","0.60%"
"2018-7-11","893.16","898.08","900.16","885.09","158.65K","-1.97%"
"2018-7-10","911.12","919.44","921.96","911.12","118.44K","-0.44%"
"2018-7-9","915.12","922.72","929.50","915.12","119.91K","-0.26%"
"2018-7-6","917.51","891.16","921.75","884.99","159.16K","2.01%"
"2018-7-5","899.40","914.48","921.85","892.67","143.00K","-1.70%"
"2018-7-4","914.99","904.34","914.99","890.83","128.08K","0.99%"
"2018-7-3","906.01","945.87","946.16","906.01","180.70K","-4.34%"
"2018-7-2","947.15","955.18","956.78","932.66","168.21K","-1.42%"
"2018-6-29","960.78","955.64","962.93","950.48","146.41K","0.36%"
"2018-6-28","957.35","964.76","976.12","954.46","159.07K","-1.19%"
"2018-6-27","968.91","981.44","984.46","968.91","179.45K","-1.44%"
"2018-6-26","983.02","977.78","983.78","970.75","165.38K","-0.76%"
"2018-6-25","990.52","997.34","997.34","988.98","142.09K","0.75%"
"2018-6-22","983.17","963.89","983.57","959.91","132.36K","1.42%"
"2018-6-21","969.40","979.57","979.57","966.28","117.05K","-1.18%"
"2018-6-20","980.95","957.37","980.95","955.61","154.07K","1.95%"
"2018-6-19","962.16","972.38","972.62","941.57","250.99K","-2.55%"
"2018-6-18","987.34","1,016.51","1,018.98","986.88","181.39K","-2.87%"
"2018-6-15","1,016.51","1,012.71","1,018.95","1,006.75","165.43K","0.08%"
"2018-6-14","1,015.72","1,030.53","1,033.46","1,015.72","166.57K","-1.44%"
"2018-6-13","1,030.53","1,017.93","1,030.53","1,017.93","116.06K","0.96%"
"2018-6-12","1,020.76","1,033.55","1,033.55","1,005.10","212.48K","-1.76%"
"2018-6-11","1,039.02","1,033.55","1,045.60","1,029.19","185.55K","0.00%"
"2018-6-8","1,039.01","1,032.59","1,039.07","1,026.94","148.15K","0.22%"
"2018-6-7","1,036.69","1,038.93","1,043.71","1,030.79","173.15K","0.21%"
"2018-6-6","1,034.50","1,020.97","1,034.50","1,012.98","162.08K","1.15%"
"2018-6-5","1,022.74","1,013.59","1,025.26","1,011.59","212.46K","0.88%"
"2018-6-4","1,013.78","994.48","1,013.78","992.01","166.09K","2.11%"
"2018-6-1","992.87","973.67","995.06","973.56","204.09K","2.23%"
"2018-5-31","971.25","947.96","975.51","945.29","182.04K","2.40%"
"2018-5-30","948.50","953.41","953.41","932.26","146.25K","-0.39%"
"2018-5-29","952.18","925.89","958.96","916.00","183.99K","2.19%"
"2018-5-28","931.75","938.86","951.34","927.47","219.29K","-3.34%"
"2018-5-25","963.90","981.47","987.56","963.90","150.25K","-2.23%"
"2018-5-24","985.92","992.24","995.82","974.14","129.29K","-0.31%"
"2018-5-23","988.94","974.80","995.25","965.92","182.16K","0.31%"
"2018-5-22","985.91","1,006.18","1,015.97","976.73","180.49K","-2.86%"
"2018-5-21","1,014.98","1,043.82","1,043.82","1,014.98","123.09K","-2.46%"
"2018-5-18","1,040.54","1,033.33","1,040.84","1,013.57","408.22K","0.96%"
"2018-5-17","1,030.64","1,055.21","1,057.84","1,030.64","129.62K","-2.27%"
"2018-5-16","1,054.62","1,073.50","1,073.50","1,052.18","150.05K","-1.76%"
"2018-5-15","1,073.50","1,072.25","1,084.20","1,071.02","158.35K","0.61%"
"2018-5-14","1,066.98","1,051.69","1,066.98","1,042.31","137.94K","2.12%"
"2018-5-11","1,044.85","1,026.34","1,044.85","1,014.30","134.82K","1.55%"
"2018-5-10","1,028.87","1,058.22","1,059.34","1,025.75","204.94K","-2.66%"
"2018-5-9","1,056.97","1,058.33","1,069.80","1,051.79","161.33K","-0.33%"
"2018-5-8","1,060.45","1,061.12","1,072.28","1,057.24","170.06K","-0.17%"
"2018-5-7","1,062.26","1,034.64","1,062.26","1,028.79","155.13K","3.45%"
"2018-5-4","1,026.80","1,032.12","1,037.02","1,022.10","163.07K","0.03%"
"2018-5-3","1,026.46","1,018.47","1,027.38","1,003.79","203.56K","-0.25%"
"2018-5-2","1,029.08","1,053.26","1,053.52","1,024.75","183.26K","-2.02%"
"2018-4-27","1,050.26","1,037.36","1,054.94","1,031.89","191.60K","0.52%"
"2018-4-26","1,044.86","1,082.52","1,082.52","1,039.35","208.48K","-3.32%"
"2018-4-24","1,080.74","1,064.86","1,084.89","1,048.68","186.61K","0.37%"
"2018-4-23","1,076.78","1,124.33","1,127.24","1,076.78","217.97K","-3.85%"
"2018-4-20","1,119.86","1,095.84","1,119.86","1,078.01","214.65K","2.30%"
"2018-4-19","1,094.63","1,137.99","1,137.99","1,094.63","204.01K","-3.86%"
"2018-4-18","1,138.53","1,153.28","1,160.32","1,138.42","172.11K","-1.28%"
"2018-4-17","1,153.28","1,149.02","1,156.70","1,139.33","175.76K","0.42%"
"2018-4-16","1,148.49","1,156.54","1,159.45","1,141.81","196.99K","-0.75%"
"2018-4-13","1,157.14","1,178.57","1,181.52","1,153.93","196.13K","-1.35%"
"2018-4-12","1,173.02","1,162.48","1,173.02","1,153.64","179.99K","0.51%"
"2018-4-11","1,167.11","1,201.51","1,202.46","1,167.11","286.08K","-2.59%"
"2018-4-10","1,198.12","1,207.62","1,211.34","1,192.22","286.73K","-0.52%"
"2018-4-9","1,204.33","1,202.44","1,207.45","1,197.44","251.45K","0.36%"
"2018-4-6","1,199.96","1,194.15","1,202.59","1,194.15","252.06K","0.57%"
"2018-4-5","1,193.17","1,197.76","1,199.15","1,186.75","241.19K","0.14%"
"2018-4-4","1,191.54","1,194.26","1,200.71","1,189.46","238.69K","0.27%"
"2018-4-3","1,188.29","1,197.00","1,199.93","1,185.83","255.24K","-0.70%"
"2018-4-2","1,196.61","1,180.26","1,196.61","1,179.73","245.76K","1.89%"
"2018-3-30","1,174.46","1,169.29","1,175.36","1,158.49","204.90K","0.64%"
"2018-3-29","1,167.03","1,174.73","1,176.45","1,164.12","185.25K","-0.44%"
"2018-3-28","1,172.24","1,168.87","1,179.18","1,165.71","208.55K","0.04%"
"2018-3-27","1,171.73","1,187.42","1,187.42","1,169.58","237.76K","0.04%"
"2018-3-26","1,171.22","1,150.51","1,176.95","1,150.51","211.70K","1.53%"
"2018-3-23","1,153.59","1,154.25","1,157.20","1,138.53","261.96K","-1.60%"
"2018-3-22","1,172.36","1,175.22","1,180.44","1,169.48","233.32K","0.26%"
"2018-3-21","1,169.36","1,166.51","1,172.31","1,163.91","237.68K","0.86%"
"2018-3-20","1,159.39","1,154.48","1,166.33","1,154.48","214.04K","0.01%"
"2018-3-19","1,159.22","1,158.16","1,165.63","1,155.82","272.05K","0.79%"
"2018-3-16","1,150.19","1,144.54","1,152.52","1,140.56","308.62K","1.00%"
"2018-3-15","1,138.76","1,134.51","1,140.74","1,129.66","232.40K","0.06%"
"2018-3-14","1,138.09","1,135.99","1,142.88","1,134.55","250.55K","0.42%"
"2018-3-13","1,133.31","1,126.53","1,133.31","1,118.49","233.20K","0.62%"
"2018-3-12","1,126.29","1,135.37","1,135.48","1,123.98","244.68K","0.26%"
"2018-3-9","1,123.41","1,128.73","1,135.02","1,119.18","217.76K","-0.07%"
"2018-3-8","1,124.15","1,112.24","1,126.35","1,111.76","200.92K","1.07%"
"2018-3-7","1,112.26","1,121.99","1,126.67","1,103.29","279.08K","-0.72%"
"2018-3-6","1,120.29","1,093.48","1,120.29","1,091.67","236.33K","2.45%"
"2018-3-5","1,093.48","1,121.21","1,132.69","1,093.48","277.68K","-2.47%"
"2018-3-2","1,121.21","1,103.16","1,121.91","1,103.16","210.07K","0.49%"
"2018-3-1","1,115.79","1,121.54","1,129.30","1,110.92","227.40K","-0.51%"
"2018-2-28","1,121.54","1,110.30","1,129.89","1,109.89","232.59K","0.17%"
"2018-2-27","1,119.61","1,124.03","1,124.03","1,106.77","196.67K","0.46%"
"2018-2-26","1,114.53","1,115.90","1,127.57","1,114.06","234.11K","1.06%"
"2018-2-23","1,102.85","1,086.81","1,102.85","1,081.31","189.08K","2.49%"
"2018-2-22","1,076.03","1,087.15","1,091.62","1,074.27","200.37K","-1.02%"
"2018-2-21","1,087.15","1,073.33","1,092.65","1,070.43","177.57K","2.59%"
"2018-2-13","1,059.73","1,053.31","1,060.48","1,052.86","174.29K","1.72%"
"2018-2-12","1,041.79","1,011.64","1,041.79","1,011.64","171.10K","3.77%"
"2018-2-9","1,003.94","991.09","1,003.94","973.78","243.23K","-1.89%"
"2018-2-8","1,023.25","1,031.46","1,039.61","1,023.25","181.50K","-1.66%"
"2018-2-7","1,040.55","1,040.53","1,048.54","1,034.13","241.18K","2.86%"
"2018-2-6","1,011.60","1,026.08","1,026.08","983.06","480.71K","-3.54%"
"2018-2-5","1,048.71","1,089.62","1,090.88","1,048.71","282.04K","-5.10%"
"2018-2-2","1,105.04","1,098.66","1,105.04","1,091.06","200.31K","0.49%"
"2018-2-1","1,099.67","1,111.74","1,111.74","1,090.25","269.17K","-0.96%"
"2018-1-31","1,110.36","1,112.23","1,128.10","1,104.98","351.21K","-0.02%"
"2018-1-30","1,110.56","1,099.98","1,110.56","1,092.44","335.41K","0.07%"
"2018-1-29","1,109.80","1,121.78","1,130.10","1,109.80","276.73K","-0.52%"
"2018-1-26","1,115.64","1,119.78","1,123.83","1,103.06","292.97K","1.00%"
"2018-1-25","1,104.57","1,098.44","1,117.08","1,098.44","510.92K","1.58%"
"2018-1-23","1,087.42","1,066.86","1,088.05","1,066.61","266.11K","0.00%"
"2018-1-22","1,087.42","1,066.86","1,088.05","1,066.61","266.11K","2.39%"
"2018-1-19","1,062.07","1,054.33","1,067.21","1,053.37","342.47K","1.13%"
"2018-1-18","1,050.25","1,028.76","1,050.25","1,020.01","281.60K","1.50%"
"2018-1-17","1,034.69","1,061.98","1,064.77","1,034.69","332.61K","-2.66%"
"2018-1-16","1,062.96","1,059.36","1,065.39","1,052.43","340.19K","-0.05%"
"2018-1-15","1,063.47","1,049.91","1,063.47","1,043.15","292.71K","1.27%"
"2018-1-12","1,050.11","1,050.17","1,057.88","1,046.38","351.97K","0.19%"
"2018-1-11","1,048.17","1,037.03","1,049.73","1,031.13","314.65K","0.97%"
"2018-1-10","1,038.11","1,034.64","1,045.63","1,033.01","375.09K","0.44%"
"2018-1-9","1,033.56","1,027.14","1,033.56","1,017.86","320.38K","1.04%"
"2018-1-8","1,022.90","1,011.36","1,022.90","1,004.89","268.79K","1.01%"
"2018-1-5","1,012.65","1,020.34","1,020.60","1,010.65","284.03K","-0.70%"
"2018-1-4","1,019.75","1,009.37","1,019.75","1,009.00","252.91K","1.40%"
"2018-1-3","1,005.67","999.86","1,010.21","998.41","237.30K","0.99%"
"2018-1-2","995.77","986.05","996.18","984.34","186.02K","1.17%"
"2017-12-29","984.24","978.39","990.10","976.33","211.11K","0.77%"
"2017-12-28","976.72","970.63","978.65","967.73","160.23K","0.85%"
"2017-12-27","968.46","969.72","972.60","965.18","235.83K","0.26%"
"2017-12-26","965.93","960.32","965.93","957.24","186.04K","0.80%"
"2017-12-25","958.31","954.28","958.57","952.41","168.44K","0.63%"
"2017-12-22","952.32","947.54","952.70","945.18","197.58K","0.66%"
"2017-12-21","946.06","949.45","957.56","946.06","213.62K","-0.78%"
"2017-12-20","953.51","945.12","958.82","945.12","220.57K","0.22%"
"2017-12-19","951.42","961.03","963.01","951.25","228.76K","-0.69%"
"2017-12-18","958.06","945.90","958.06","945.90","241.41K","2.45%"
"2017-12-15","935.16","933.63","939.57","932.96","239.90K","-0.07%"
"2017-12-14","935.85","925.51","936.29","923.99","172.03K","1.24%"
"2017-12-13","924.40","932.05","932.48","922.97","157.40K","-0.31%"
"2017-12-12","927.25","927.67","931.12","895.73","243.25K","1.07%"
"2017-12-11","917.45","930.17","936.93","917.45","193.98K","-2.42%"
"2017-12-8","940.16","938.41","944.75","930.29","197.62K","0.16%"
"2017-12-7","938.65","950.23","954.24","932.68","196.89K","-0.95%"
"2017-12-6","947.64","950.21","950.72","932.64","243.46K","-0.59%"
"2017-12-5","953.30","972.28","974.80","953.30","265.51K","-1.72%"
"2017-12-4","970.02","962.47","972.53","962.47","270.00K","1.01%"
"2017-12-1","960.33","952.76","960.33","952.76","227.73K","1.09%"
"2017-11-30","949.93","956.17","960.11","949.93","249.61K","-0.23%"
"2017-11-29","952.14","943.46","952.14","940.40","229.83K","1.16%"
"2017-11-28","941.21","939.10","943.45","933.59","359.52K","0.28%"
"2017-11-27","938.61","933.38","947.06","931.29","252.36K","0.32%"
"2017-11-24","935.57","930.52","937.54","924.65","225.73K","0.20%"
"2017-11-23","933.70","938.31","943.15","927.00","223.22K","0.11%"
"2017-11-22","932.66","921.13","932.66","921.13","210.14K","1.56%"
"2017-11-21","918.30","907.51","929.89","907.51","230.29K","1.63%"
"2017-11-20","903.55","890.34","903.55","889.55","175.97K","1.44%"
"2017-11-17","890.69","893.99","898.11","886.86","188.54K","-0.24%"
"2017-11-16","892.80","880.17","892.80","880.17","206.50K","1.16%"
"2017-11-15","882.59","877.65","884.83","876.60","200.08K","0.19%"
"2017-11-14","880.90","881.15","884.14","874.74","221.73K","0.18%"
"2017-11-13","879.34","871.70","879.34","871.70","283.76K","1.28%"
"2017-11-10","868.21","859.91","869.37","859.24","189.39K","0.91%"
"2017-11-9","860.40","862.38","864.20","858.16","164.44K","0.08%"
"2017-11-8","859.70","853.15","863.07","852.32","171.68K","1.10%"
"2017-11-7","850.33","850.20","854.60","847.88","584.72K","0.15%"
"2017-11-6","849.09","846.12","849.09","843.76","172.30K","0.64%"
"2017-11-3","843.73","833.16","843.73","831.58","203.25K","1.28%"
"2017-11-2","833.09","842.19","849.53","833.09","192.77K","-1.14%"
"2017-11-1","842.71","838.75","842.88","838.01","172.22K","0.65%"
"2017-10-31","837.28","844.27","845.93","837.28","192.06K","-0.94%"
"2017-10-30","845.20","842.92","849.30","842.92","197.30K","0.57%"
"2017-10-27","840.37","829.15","840.37","828.45","143.37K","1.24%"
"2017-10-26","830.11","829.94","834.67","823.92","187.41K","-0.07%"
"2017-10-25","830.69","826.08","830.69","822.83","160.17K","0.66%"